,id,updated,confirmed,confirmed_change,deaths,deaths_change,recovered,recovered_change,load_time
0,338995,2020-01-21,262,,0,,,,09:54.1
1,338996,2020-01-22,313,51.0,0,0.0,,,09:54.1
2,338997,2020-01-23,578,265.0,0,0.0,,,09:54.1
3,338998,2020-01-24,841,263.0,0,0.0,,,09:54.1
4,338999,2020-01-25,1320,479.0,0,0.0,,,09:54.1
5,339000,2020-01-26,2014,694.0,0,0.0,,,09:54.1
6,339001,2020-01-27,2798,784.0,0,0.0,,,09:54.1
7,339002,2020-01-28,4593,1795.0,0,0.0,,,09:54.1
8,339003,2020-01-29,6065,1472.0,0,0.0,,,09:54.1
9,339004,2020-01-30,7818,1753.0,0,0.0,,,09:54.1
10,339005,2020-01-31,9826,2008.0,0,0.0,,,09:54.1
11,339006,2020-01-02,11953,2127.0,0,0.0,,,09:54.1
12,339007,2020-02-02,14557,2604.0,0,0.0,,,09:54.1
13,339008,2020-03-02,17386,2829.0,362,362.0,,,09:54.1
14,339009,2020-04-02,20625,3239.0,426,64.0,,,09:54.1
15,339010,2020-05-02,24549,3924.0,492,66.0,,,09:54.1
16,339011,2020-06-02,28256,3707.0,565,73.0,,,09:54.1
17,339012,2020-07-02,31420,3164.0,638,73.0,,,09:54.1
18,339013,2020-08-02,34822,3402.0,724,86.0,,,09:54.1
19,339014,2020-09-02,37494,2672.0,813,89.0,,,09:54.1
20,339015,2020-10-02,40484,2990.0,910,97.0,,,09:54.1
21,339016,2020-11-02,42968,2484.0,1018,108.0,,,09:54.1
22,339017,2020-12-02,44996,2028.0,1115,97.0,,,09:54.1
23,339018,2020-02-13,46823,1827.0,1369,254.0,,,09:54.1
24,339019,2020-02-14,64219,17396.0,1383,14.0,,,09:54.1
25,339020,2020-02-15,66884,2665.0,1526,143.0,,,09:54.1
26,339021,2020-02-16,68912,2028.0,1669,143.0,,,09:54.1
27,339022,2020-02-17,70975,2063.0,1775,106.0,,,09:54.1
28,339023,2020-02-18,72778,1803.0,1873,98.0,,,09:54.1
29,339024,2020-02-19,75204,2426.0,2009,136.0,,,09:54.1
30,339025,2020-02-20,75748,544.0,2129,120.0,,,09:54.1
31,339026,2020-02-21,76769,1021.0,2247,118.0,,,09:54.1
32,339027,2020-02-22,77794,1025.0,2359,112.0,,,09:54.1
33,339028,2020-02-23,78811,1017.0,2462,103.0,,,09:54.1
34,339029,2020-02-24,79331,520.0,2618,156.0,,,09:54.1
35,339030,2020-02-25,80239,908.0,2700,82.0,,,09:54.1
36,339031,2020-02-26,81109,870.0,2762,62.0,,,09:54.1
37,339032,2020-02-27,82294,1185.0,2804,42.0,,,09:54.1
38,339033,2020-02-28,83652,1358.0,2858,54.0,,,09:54.1
39,339034,2020-02-29,85403,1751.0,2924,66.0,,,09:54.1
40,339035,2020-01-03,87137,1734.0,2977,53.0,,,09:54.1
41,339036,2020-02-03,88948,1811.0,3043,66.0,,,09:54.1
42,339037,2020-03-03,90869,1921.0,3112,69.0,,,09:54.1
43,339038,2020-04-03,93091,2222.0,3198,86.0,,,09:54.1
44,339039,2020-05-03,95324,2233.0,3281,83.0,,,09:54.1
45,339040,2020-06-03,98192,2868.0,3380,99.0,,,09:54.1
46,339041,2020-07-03,101927,3735.0,3486,106.0,,,09:54.1
47,339042,2020-08-03,105586,3659.0,3584,98.0,,,09:54.1
48,339043,2020-09-03,109577,3991.0,3809,225.0,,,09:54.1
49,339044,2020-10-03,113702,4125.0,4012,203.0,,,09:54.1
50,339045,2020-11-03,118319,4617.0,4292,280.0,,,09:54.1
51,339046,2020-12-03,125260,6941.0,4613,321.0,,,09:54.1
52,339047,2020-03-13,132755,7495.0,4955,342.0,,,09:54.1
53,339048,2020-03-14,142534,9779.0,5392,437.0,,,09:54.1
54,339049,2020-03-15,153517,10983.0,5735,343.0,,,09:54.1
55,339050,2020-03-16,167515,13998.0,6606,871.0,,,09:54.1
56,339051,2020-03-17,179111,11596.0,7426,820.0,81727.0,,09:54.1
57,339052,2020-03-18,191127,12016.0,7807,381.0,84446.0,2719.0,09:54.1
58,150051,2020-03-19,244799,53672.0,10030,2223.0,87407.0,2961.0,09:54.1
59,204566,2020-03-20,275130,30331.0,11376,1346.0,90943.0,3536.0,09:54.1
60,325129,2020-03-21,304999,29869.0,13003,1627.0,94793.0,3850.0,09:54.1
61,444295,2020-03-22,335403,30404.0,14611,1608.0,97636.0,2843.0,09:54.1
62,612670,2020-03-23,378394,42991.0,16491,1880.0,101584.0,3948.0,09:54.1
63,797487,2020-03-24,417663,39269.0,18605,2114.0,108312.0,6728.0,09:54.1
64,993962,2020-03-25,463387,45724.0,20912,2307.0,113802.0,5490.0,09:54.1
65,1216984,2020-03-26,529614,66227.0,23714,2802.0,121454.0,7652.0,09:54.1
66,1367645,2020-03-27,587958,58344.0,26909,3195.0,132440.0,10986.0,09:54.1
67,1460188,2020-03-28,662541,74583.0,30839,3930.0,141468.0,9028.0,09:54.1
68,1673794,2020-03-29,720415,57874.0,33908,3069.0,150918.0,9450.0,09:54.1
69,1946924,2020-03-30,777286,56871.0,37140,3232.0,164446.0,13528.0,09:54.1
70,2209715,2020-03-31,856955,79669.0,42089,4949.0,177917.0,13471.0,09:54.1
71,2486437,2020-01-04,932605,75650.0,46809,4720.0,193259.0,15342.0,09:54.1
72,2769463,2020-02-04,1011490,78885.0,52863,6054.0,210186.0,16927.0,09:54.1
73,3090977,2020-03-04,1095917,84427.0,58787,5924.0,225796.0,15610.0,09:54.1
74,3429904,2020-04-04,1196553,100636.0,64549,5762.0,246108.0,20312.0,09:54.1
75,3750617,2020-05-04,1272115,75562.0,69309,4760.0,260012.0,13904.0,09:54.1
76,4016373,2020-06-04,1341907,69792.0,74565,5256.0,276259.0,16247.0,09:54.1
77,4309179,2020-07-04,1426096,84189.0,81259,6694.0,300054.0,23795.0,09:54.1
78,4551545,2020-08-04,1504971,78875.0,87984,6725.0,328661.0,28607.0,09:54.1
79,4728946,2020-09-04,1587209,82238.0,94850,6866.0,353291.0,24630.0,09:54.1
80,4898837,2020-10-04,1684833,97624.0,102136,7286.0,375499.0,22208.0,09:54.1
81,5310451,2020-11-04,1764622,79789.0,107904,5768.0,385999.0,10500.0,09:54.1
82,5134319,2020-12-04,1912923,148301.0,107904,0.0,421497.0,35498.0,09:54.1
83,5261547,2020-04-13,1970879,57956.0,118966,11062.0,448053.0,26556.0,09:54.1
84,5305989,2020-04-14,2056055,85176.0,125678,6712.0,472948.0,24895.0,09:54.1
85,5347997,2020-04-15,2151199,95144.0,133572,7894.0,511019.0,38071.0,09:54.1
86,5429132,2020-04-16,2234109,82910.0,143725,10153.0,541501.0,30482.0,09:54.1
87,5440228,2020-04-17,2310572,76463.0,153379,9654.0,567695.0,26194.0,09:54.1
88,5448942,2020-04-18,2394291,83719.0,158691,5312.0,590682.0,22987.0,09:54.1
89,5457903,2020-04-19,2470410,76119.0,164938,6247.0,611880.0,21198.0,09:54.1
90,5467891,2020-04-20,2560504,90094.0,169794,4856.0,645335.0,33455.0,09:54.1
91,5495212,2020-04-21,2628894,68390.0,176926,7132.0,679793.0,34458.0,09:54.1
92,5562397,2020-04-22,2699338,70444.0,182992,6066.0,709050.0,29257.0,09:54.1
93,6650426,2020-04-23,2790986,91648.0,188437,5445.0,737735.0,28685.0,09:54.1
94,6906714,2020-04-24,2868539,77553.0,195920,7483.0,781382.0,43647.0,09:54.1
95,6955177,2020-04-25,2965363,96824.0,201502,5582.0,811660.0,30278.0,09:54.1
96,7002306,2020-04-26,3002303,36940.0,206265,4763.0,863464.0,51804.0,09:54.1
97,7055144,2020-04-27,3083467,81164.0,208131,1866.0,878813.0,15349.0,09:54.1
98,7098114,2020-04-28,3170335,86868.0,213824,5693.0,915988.0,37175.0,09:54.1
99,7522181,2020-04-29,3249022,78687.0,224708,10884.0,958353.0,42365.0,09:54.1
100,7997577,2020-04-30,3303296,54274.0,230804,6096.0,1006112.0,47759.0,09:54.1
101,8479449,2020-01-05,3419184,115888.0,235290,4486.0,1039588.0,33476.0,09:54.1
102,8922151,2020-02-05,3502126,82942.0,243355,8065.0,1092644.0,53056.0,09:54.1
103,9388541,2020-03-05,3578301,76175.0,247107,3752.0,1124127.0,31483.0,09:54.1
104,9863005,2020-04-05,3659271,80970.0,251059,3952.0,1162279.0,38152.0,09:54.1
105,10308709,2020-05-05,3744585,85314.0,256736,5677.0,1197340.0,35061.0,09:54.1
106,10776908,2020-06-05,3836215,91630.0,263068,6332.0,1238250.0,40910.0,09:54.1
107,11286400,2020-07-05,3932896,96681.0,268999,5931.0,1278499.0,40249.0,09:54.1
108,11778334,2020-08-05,4018342,85446.0,274422,5423.0,1313004.0,34505.0,09:54.1
109,12224629,2020-09-05,4097158,78816.0,278756,4334.0,1363698.0,50694.0,09:54.1
110,12674148,2020-10-05,4168427,71269.0,282495,3739.0,1402882.0,39184.0,09:54.1
111,13152783,2020-11-05,4233504,65077.0,285445,2950.0,1452626.0,49744.0,09:54.1
112,13612685,2020-12-05,4336973,103469.0,289932,4487.0,1481314.0,28688.0,09:54.1
113,14064683,2020-05-13,4434590,97617.0,296252,6320.0,1540464.0,59150.0,09:54.1
114,14494766,2020-05-14,4531811,97221.0,301937,5685.0,1583929.0,43465.0,09:54.1
115,14923458,2020-05-15,4626632,94821.0,307001,5064.0,1632286.0,48357.0,09:54.1
116,15332735,2020-05-16,4710614,83982.0,311363,4362.0,1679428.0,47142.0,09:54.1
117,15763695,2020-05-17,4786672,76058.0,315023,3660.0,1732344.0,52916.0,09:54.1
118,16188753,2020-05-18,4889287,102615.0,317695,2672.0,1776641.0,44297.0,09:54.1
119,16631510,2020-05-19,4968689,79402.0,322683,4988.0,1679155.0,-97486.0,09:54.1
120,17054212,2020-05-20,5076846,108157.0,326515,3832.0,1885535.0,206380.0,09:54.1
121,17464727,2020-05-21,5180982,104136.0,332425,5910.0,1936947.0,51412.0,09:54.1
122,17857536,2020-05-22,5280743,99761.0,336432,4007.0,1992496.0,55549.0,09:54.1
123,18284171,2020-05-23,5383582,102839.0,340477,4045.0,2090465.0,97969.0,09:54.1
124,18684563,2020-05-24,5471768,88186.0,344077,3600.0,2158031.0,67566.0,09:54.1
125,19070668,2020-05-25,5559130,87362.0,344911,834.0,2223523.0,65492.0,09:54.1
126,19507722,2020-05-26,5682389,123259.0,348610,3699.0,2271268.0,47745.0,09:54.1
127,20116729,2020-05-27,5803416,121027.0,354944,6334.0,2337385.0,66117.0,09:54.1
128,20686443,2020-05-28,5916464,113048.0,359791,4847.0,2399247.0,61862.0,09:54.1
129,21233502,2020-05-29,6048384,131920.0,364357,4566.0,2486634.0,87387.0,09:54.1
130,21797053,2020-05-30,6132154,83770.0,368604,4247.0,2538227.0,51593.0,09:54.1
131,22323956,2020-05-31,6246042,113888.0,371154,2550.0,2631567.0,93340.0,09:54.1
132,22918439,2020-01-06,6325303,79261.0,374452,3298.0,2687848.0,56281.0,09:54.1
133,23455228,2020-02-06,6444298,118995.0,377460,3008.0,2727679.0,39831.0,09:54.1
134,24042086,2020-03-06,6573286,128988.0,382435,4975.0,2764304.0,36625.0,09:54.1
135,24518546,2020-04-06,6722408,149122.0,387898,5463.0,2837955.0,73651.0,09:54.1
136,25045072,2020-05-06,6852810,130402.0,393934,6036.0,2996534.0,158579.0,09:54.1
137,25563431,2020-06-06,6979789,126979.0,398211,4277.0,3071142.0,74608.0,09:54.1
138,26103673,2020-07-06,7085894,106105.0,401848,3637.0,3130301.0,59159.0,09:54.1
139,26651309,2020-08-06,7185573,99679.0,405168,3320.0,3180479.0,50178.0,09:54.1
140,27209200,2020-09-06,7313661,128088.0,408954,3786.0,3352665.0,172186.0,09:54.1
141,27755055,2020-10-06,7414050,100389.0,413854,4900.0,3442630.0,89965.0,09:54.1
142,28159408,2020-11-06,7617591,203541.0,417514,3660.0,3488251.0,45621.0,09:54.1
143,28865518,2020-12-06,7715890,98299.0,424587,7073.0,3601584.0,113333.0,09:54.1
144,29356304,2020-06-13,7835340,119450.0,427670,3083.0,3662834.0,61250.0,09:54.1
145,29863712,2020-06-14,7963453,128113.0,431141,3471.0,3733612.0,70778.0,09:54.1
146,30354143,2020-06-15,8085932,122479.0,434432,3291.0,3809566.0,75954.0,09:54.1
147,30861106,2020-06-16,8261260,175328.0,438453,4021.0,3918176.0,108610.0,09:54.1
148,31454902,2020-06-17,8400320,139060.0,445468,7015.0,4013202.0,95026.0,09:54.1
149,32032389,2020-06-18,8519543,119223.0,450435,4967.0,4109183.0,95981.0,09:54.1
150,32608187,2020-06-19,8716985,197442.0,454582,4147.0,4184445.0,75262.0,09:54.1
151,33194606,2020-06-20,8802328,85343.0,461206,6624.0,4286643.0,102198.0,09:54.1
152,33780214,2020-06-21,9030328,228000.0,464620,3414.0,4372440.0,85797.0,09:54.1
153,34412776,2020-06-22,9154232,123904.0,469939,5319.0,4475013.0,102573.0,09:54.1
154,34940271,2020-06-23,9237691,83459.0,473650,3711.0,4585022.0,110009.0,09:54.1
155,35481457,2020-06-24,9494571,256880.0,476911,3261.0,4613425.0,28403.0,09:54.1
156,36079943,2020-06-25,9641472,146901.0,484155,7244.0,4782910.0,169485.0,09:54.1
157,36691575,2020-06-26,9891727,250255.0,489990,5835.0,4865562.0,82652.0,09:54.1
158,37296710,2020-06-27,10044731,153004.0,496075,6085.0,5004567.0,139005.0,09:54.1
159,37923244,2020-06-28,10199798,155067.0,499892,3817.0,5085018.0,80451.0,09:54.1
160,38540643,2020-06-29,10368165,168367.0,502947,3055.0,5169421.0,84403.0,09:54.1
161,39017890,2020-06-30,10512383,144218.0,507188,4241.0,5284524.0,115103.0,09:54.1
162,39305170,2020-01-07,10694288,181905.0,512331,5143.0,5387249.0,102725.0,09:54.1
163,39588896,2020-02-07,10874146,179858.0,516210,3879.0,5480394.0,93145.0,09:54.1
164,39883714,2020-03-07,11169802,295656.0,521355,5145.0,5767410.0,287016.0,09:54.1
165,40158101,2020-04-07,11304534,134732.0,528232,6877.0,6010342.0,242932.0,09:54.1
166,40454707,2020-05-07,11483400,178866.0,531659,3427.0,6111195.0,100853.0,09:54.1
167,40773091,2020-06-07,11694766,211366.0,535027,3368.0,6214206.0,103011.0,09:54.1
168,41187470,2020-07-07,11910220,215454.0,540157,5130.0,6349542.0,135336.0,09:54.1
169,41493640,2020-08-07,12169400,259180.0,546318,6161.0,6506408.0,156866.0,09:54.1
170,41808294,2020-09-07,12373722,204322.0,552104,5786.0,6696322.0,189914.0,09:54.1
171,42121192,2020-10-07,12507849,134127.0,556863,4759.0,6786196.0,89874.0,09:54.1
172,42422452,2020-11-07,12726677,218828.0,560460,3597.0,6890914.0,104718.0,09:54.1
173,42736774,2020-12-07,12945505,218828.0,560460,0.0,6890914.0,0.0,09:54.1
174,43030172,2020-07-13,13203571,258066.0,571444,10984.0,7001675.0,110761.0,09:54.1
175,43478248,2020-07-14,13382020,178449.0,575201,3757.0,7331068.0,329393.0,09:54.1
176,43857614,2020-07-15,13654445,272425.0,580038,4837.0,7445299.0,114231.0,09:54.1
177,44258322,2020-07-16,13926476,272031.0,586174,6136.0,7622505.0,177206.0,09:54.1
178,44599052,2020-07-17,14126035,199559.0,593209,7035.0,7796508.0,174003.0,09:54.1
179,44941161,2020-07-18,14394056,268021.0,598098,4889.0,7931486.0,134978.0,09:54.1
180,45291362,2020-07-19,14608517,214461.0,603697,5599.0,8084942.0,153456.0,09:54.1
181,45587461,2020-07-20,14774887,166370.0,608420,4723.0,8201516.0,116574.0,09:54.1
182,45911736,2020-07-21,15008046,233159.0,611599,3179.0,8340042.0,138526.0,09:54.1
183,46246010,2020-07-22,15429889,421843.0,617902,6303.0,8511330.0,171288.0,09:54.1
184,46554267,2020-07-23,15628936,199047.0,631680,13778.0,8758636.0,247306.0,09:54.1
185,46907010,2020-07-24,15909757,280821.0,636262,4582.0,8917141.0,158505.0,09:54.1
186,47233887,2020-07-25,16117308,207551.0,641889,5627.0,9164700.0,247559.0,09:54.1
187,47556672,2020-07-26,16360298,242990.0,645482,3593.0,9289876.0,125176.0,09:54.1
188,47898855,2020-07-27,16605067,244769.0,650918,5436.0,9454796.0,164920.0,09:54.1
189,48215961,2020-07-28,16845602,240535.0,657337,6419.0,9644387.0,189591.0,09:54.1
190,48551108,2020-07-29,17109335,263733.0,662577,5240.0,9836182.0,191795.0,09:54.1
191,48867829,2020-07-30,17321394,212059.0,668801,6224.0,10000738.0,164556.0,09:54.1
192,49179093,2020-07-31,17594541,273147.0,673822,5021.0,10155026.0,154288.0,09:54.1
193,49484044,2020-01-08,17852451,257910.0,679439,5617.0,10333166.0,178140.0,09:54.1
194,49805367,2020-02-08,18166298,313847.0,679794,355.0,10598327.0,265161.0,09:54.1
195,50117435,2020-03-08,18445787,279489.0,690953,11159.0,10768016.0,169689.0,09:54.1
196,50411990,2020-04-08,18635877,190090.0,691740,787.0,11036083.0,268067.0,09:54.1
197,50718530,2020-05-08,18982658,346781.0,702903,11163.0,11206409.0,170326.0,09:54.1
198,51066302,2020-06-08,19160806,178148.0,712266,9363.0,11477642.0,271233.0,09:54.1
199,51398145,2020-07-08,19481330,320524.0,716083,3817.0,11605114.0,127472.0,09:54.1
200,51709870,2020-08-08,19734428,253098.0,723599,7516.0,11801847.0,196733.0,09:54.1
201,52032571,2020-09-08,19958036,223608.0,728612,5013.0,12001537.0,199690.0,09:54.1
202,52354419,2020-10-08,20185153,227117.0,732889,4277.0,12158075.0,156538.0,09:54.1
203,52687114,2020-11-08,20423897,238744.0,738800,5911.0,12450681.0,292606.0,09:54.1
204,52986471,2020-12-08,20624316,200419.0,744649,5849.0,12631548.0,180867.0,09:54.1
205,53301563,2020-08-13,21036943,412627.0,749421,4772.0,12831800.0,200252.0,09:54.1
206,53626081,2020-08-14,21280608,243665.0,761926,12505.0,13048974.0,217174.0,09:54.1
207,53968267,2020-08-15,21582345,301737.0,767422,5496.0,13290879.0,241905.0,09:54.1
208,54300153,2020-08-16,21739501,157156.0,773469,6047.0,13590831.0,299952.0,09:54.1
209,54628821,2020-08-17,21974393,234892.0,776241,2772.0,13702873.0,112042.0,09:54.1
210,54954952,2020-08-18,22218441,244048.0,779562,3321.0,13934532.0,231659.0,09:54.1
211,55281106,2020-08-19,22515213,296772.0,782883,3321.0,14156538.0,222006.0,09:54.1
212,55596022,2020-08-20,22803344,288131.0,789825,6942.0,14381048.0,224510.0,09:54.1
213,55925660,2020-08-21,22954220,150876.0,796095,6270.0,14596332.0,215284.0,09:54.1
214,56255319,2020-08-22,23309597,355377.0,799350,3255.0,14715412.0,119080.0,09:54.1
215,56588811,2020-08-23,23424844,115247.0,806543,7193.0,15007062.0,291650.0,09:54.1
216,56903851,2020-08-24,23694646,269802.0,808716,2173.0,15150767.0,143705.0,09:54.1
217,57225503,2020-08-25,24011502,316856.0,814354,5638.0,15381104.0,230337.0,09:54.1
218,57593564,2020-08-26,24288572,277070.0,821909,7555.0,15636116.0,255012.0,09:54.1
219,57900498,2020-08-27,24563380,274808.0,828070,6161.0,15856795.0,220679.0,09:54.1
220,58210875,2020-08-28,24776988,213608.0,833466,5396.0,16051454.0,194659.0,09:54.1
221,58498609,2020-08-29,25051178,274190.0,837979,4513.0,16227851.0,176397.0,09:54.1
222,58804438,2020-08-30,25334339,283161.0,843586,5607.0,16451018.0,223167.0,09:54.1
223,59067883,2020-08-31,25584820,250481.0,848084,4498.0,16669974.0,218956.0,09:54.1
224,59351710,2020-01-09,25835301,250481.0,848084,0.0,16669974.0,0.0,09:54.1
225,59653305,2020-02-09,26140922,305621.0,858661,10577.0,17122192.0,452218.0,09:54.1
226,60004390,2020-03-09,26437886,296964.0,865467,6806.0,17387319.0,265127.0,09:54.1
227,60346226,2020-04-09,26622706,184820.0,871205,5738.0,17573533.0,186214.0,09:54.1
228,60680617,2020-05-09,26961795,339089.0,874708,3503.0,17717911.0,144378.0,09:54.1
229,60999090,2020-06-09,27235839,274044.0,880955,6247.0,18021000.0,303089.0,09:54.1
230,61310529,2020-07-09,27437294,201455.0,890687,9732.0,18191761.0,170761.0,09:54.1
231,61589964,2020-08-09,27605560,168266.0,894430,3743.0,18415364.0,223603.0,09:54.1
232,61905903,2020-09-09,27933388,327828.0,898269,3839.0,18565072.0,149708.0,09:54.1
233,61969075,2020-10-09,28268970,335582.0,905181,6912.0,18819388.0,254316.0,09:54.1
234,62328780,2020-11-09,28606726,337756.0,911282,6101.0,19048042.0,228654.0,09:54.1
235,62720553,2020-12-09,28855994,249268.0,917417,6135.0,19288985.0,240943.0,09:54.1
236,63087717,2020-09-13,29145068,289074.0,921698,4281.0,19511976.0,222991.0,09:54.1
237,63414798,2020-09-14,29408424,263356.0,925947,4249.0,19681709.0,169733.0,09:54.1
238,63739017,2020-09-15,29730140,321716.0,931167,5220.0,19951166.0,269457.0,09:54.1
239,64101931,2020-09-16,30003378,273238.0,938575,7408.0,20202899.0,251733.0,09:54.1
240,64435934,2020-09-17,30290791,287413.0,943203,4628.0,20398381.0,195482.0,09:54.1
241,64835287,2020-09-18,30588989,298198.0,947919,4716.0,20623028.0,224647.0,09:54.1
242,65233756,2020-09-19,30859069,270080.0,953482,5563.0,20832830.0,209802.0,09:54.1
243,65637628,2020-09-20,31181782,322713.0,958314,4832.0,21099095.0,266265.0,09:54.1
244,66018801,2020-09-21,31453048,271266.0,962266,3952.0,21300501.0,201406.0,09:54.1
245,66383549,2020-09-22,31759233,306185.0,967347,5081.0,21583667.0,283166.0,09:54.1
246,66792413,2020-09-23,32068225,308992.0,973904,6557.0,21811742.0,228075.0,09:54.1
247,67185093,2020-09-24,32397479,329254.0,979862,5958.0,22059084.0,247342.0,09:54.1
248,67581831,2020-09-25,32636842,239363.0,985748,5886.0,22313269.0,254185.0,09:54.1
249,67965654,2020-09-26,32949407,312565.0,990134,4386.0,22525177.0,211908.0,09:54.1
250,68265390,2020-09-27,33156812,207405.0,995658,5524.0,22787799.0,262622.0,09:54.1
251,68655368,2020-09-28,33489205,332393.0,998696,3038.0,22961436.0,173637.0,09:54.1
252,69018938,2020-09-29,33785178,295973.0,1004278,5582.0,23243613.0,282177.0,09:54.1
253,69430834,2020-09-30,34136078,350900.0,1010147,5869.0,23448934.0,205321.0,09:54.1
254,69833168,2020-01-10,34450697,314619.0,1016970,6823.0,23711591.0,262657.0,09:54.1
255,70240693,2020-02-10,34768408,317711.0,1025354,8384.0,23914523.0,202932.0,09:54.1
256,70639798,2020-03-10,35011322,242914.0,1030880,5526.0,24145097.0,230574.0,09:54.1
257,71036840,2020-04-10,35339125,327803.0,1034865,3985.0,24364562.0,219465.0,09:54.1
258,71424980,2020-05-10,35654271,315146.0,1039120,4255.0,24571309.0,206747.0,09:54.1
259,71835886,2020-06-10,36026644,372373.0,1046809,7689.0,24834996.0,263687.0,09:54.1
260,72233477,2020-07-10,36372696,346052.0,1053357,6548.0,25117417.0,282421.0,09:54.1
261,72634866,2020-08-10,36706213,333517.0,1059616,6259.0,25334019.0,216602.0,09:54.1
262,73037963,2020-09-10,37019381,313168.0,1064420,4804.0,25510557.0,176538.0,09:54.1
263,73438171,2020-10-10,37267921,248540.0,1069953,5533.0,25711805.0,201248.0,09:54.1
264,73848747,2020-11-10,37706961,439040.0,1073780,3827.0,25923754.0,211949.0,09:54.1
265,74235060,2020-12-10,38006121,299160.0,1078068,4288.0,26172754.0,249000.0,09:54.1
266,74590666,2020-10-13,38351539,345418.0,1083875,5807.0,26354211.0,181457.0,09:54.1
267,74935625,2020-10-14,38756289,404750.0,1089186,5311.0,26540006.0,185795.0,09:54.1
268,75293212,2020-10-15,39126112,369823.0,1095216,6030.0,26753000.0,212994.0,09:54.1
269,75627026,2020-10-16,39502909,376797.0,1101007,5791.0,26956913.0,203913.0,09:54.1
270,75998990,2020-10-17,39803562,300653.0,1106705,5698.0,27147928.0,191015.0,09:54.1
271,76372960,2020-10-18,40272089,468527.0,1111714,5009.0,27353713.0,205785.0,09:54.1
272,76673954,2020-10-19,40652097,380008.0,1116167,4453.0,27558672.0,204959.0,09:54.1
273,77027677,2020-10-20,40990616,338519.0,1122036,5869.0,2782160.0,-24776512.0,09:54.1
274,77035667,2020-10-21,41329136,338520.0,1122036,0.0,2782160.0,0.0,09:54.1
275,78103542,2020-10-23,42439400,433222.0,1140759,9362.0,28423572.0,12820706.0,09:54.1
276,78447994,2020-10-24,42886132,446732.0,1147192,6433.0,28630738.0,207166.0,09:54.1
277,78767475,2020-10-25,43385581,499449.0,1152314,5122.0,28853536.0,222798.0,09:54.1
278,79067501,2020-10-26,43841084,455503.0,1157714,5400.0,29098191.0,244655.0,09:54.1
279,79418772,2020-10-27,44311674,470590.0,1164755,7041.0,29300099.0,201908.0,09:54.1
280,79732082,2020-10-28,44859998,548324.0,1171286,6531.0,29889942.0,589843.0,09:54.1
281,80126171,2020-10-29,45271624,411626.0,1178410,7124.0,30141437.0,251495.0,09:54.1
282,80470050,2020-10-30,45916151,644527.0,1183861,5451.0,30380635.0,239198.0,09:54.1
283,80810634,2020-10-31,46386903,470752.0,1193070,9209.0,29837092.0,-543543.0,09:54.1
284,81089996,2020-01-11,46849292,462389.0,1198942,5872.0,30944606.0,1107514.0,09:54.1
285,81390785,2020-02-11,47260377,411085.0,1204202,5260.0,31182478.0,237872.0,09:54.1
286,81710350,2020-03-11,47742312,481935.0,1211102,6900.0,31454401.0,271923.0,09:54.1
287,82042268,2020-04-11,48261898,519586.0,1219947,8845.0,31733172.0,278771.0,09:54.1
288,82376288,2020-05-11,49114225,852327.0,1227666,7719.0,32009347.0,276175.0,09:54.1
289,82703691,2020-06-11,49688351,574126.0,1239757,12091.0,32341811.0,332464.0,09:54.1
290,83015973,2020-07-11,50111147,422796.0,1248150,8393.0,32633711.0,291900.0,09:54.1
291,83326535,2020-08-11,50752354,641207.0,1253707,5557.0,32892365.0,258654.0,09:54.1
292,83586128,2020-09-11,51292597,540243.0,1261306,7599.0,33150116.0,257751.0,09:54.1
293,83908320,2020-10-11,51975458,682861.0,1269199,7893.0,33400848.0,250732.0,09:54.1
294,84249738,2020-11-11,52331462,356004.0,1281309,12110.0,33785432.0,384584.0,09:54.1
295,84537497,2020-12-11,53211792,880330.0,1287966,6657.0,34043712.0,258280.0,09:54.1
296,84838420,2020-11-13,53788566,576774.0,1300076,12110.0,34296757.0,253045.0,09:54.1
297,85176078,2020-11-14,54184358,395792.0,1308725,8649.0,34660180.0,363423.0,09:54.1
298,85510162,2020-11-15,54814867,630509.0,1314904,6179.0,34830992.0,170812.0,09:54.1
299,85789187,2020-11-16,55333374,518507.0,1322963,8059.0,35127472.0,296480.0,09:54.1
300,86107443,2020-11-17,56024130,690756.0,1332390,9427.0,35613120.0,485648.0,09:54.1
301,86374459,2020-11-18,56435244,411114.0,1345639,13249.0,35969240.0,356120.0,09:54.1
302,86750273,2020-11-19,57427358,992114.0,1352775,7136.0,36291080.0,321840.0,09:54.1
303,87043979,2020-11-20,57974667,547309.0,1369767,16992.0,36731430.0,440350.0,09:54.1
304,87347666,2020-11-21,58521493,546826.0,1378411,8644.0,37073704.0,342274.0,09:54.1
305,87637870,2020-11-22,59070488,548995.0,1386051,7640.0,37402009.0,328305.0,09:54.1
306,87914118,2020-11-23,59597658,527170.0,1394694,8643.0,37691380.0,289371.0,09:54.1
307,88189431,2020-11-24,60234023,636365.0,1405788,11094.0,38097904.0,406524.0,09:54.1
308,88445389,2020-11-25,60818781,584758.0,1418224,12436.0,38470416.0,372512.0,09:54.1
309,88722402,2020-11-26,61501092,682311.0,1428951,10727.0,38926641.0,456225.0,09:54.1
310,89021724,2020-11-27,62084566,583474.0,1440506,11555.0,39275505.0,348864.0,09:54.1
311,89282404,2020-11-28,62616821,532255.0,1449642,9136.0,39665623.0,390118.0,09:54.1
312,89531653,2020-11-29,63118430,501609.0,1457859,8217.0,40016926.0,351303.0,09:54.1
313,89786198,2020-11-30,63650135,531705.0,1465492,7633.0,40344258.0,327332.0,09:54.1
314,90059923,2020-01-12,64293447,643312.0,1476396,10904.0,40812450.0,468192.0,09:54.1
315,90294014,2020-02-12,65016336,722889.0,1488321,11925.0,41258010.0,445560.0,09:54.1
316,90664746,2020-03-12,65686172,669836.0,1502728,14407.0,41731105.0,473095.0,09:54.1
317,91015664,2020-04-12,66250018,563846.0,1514549,11821.0,42156580.0,425475.0,09:54.1
318,91343326,2020-05-12,66974627,724609.0,1524569,10020.0,42542126.0,385546.0,09:54.1
319,91700307,2020-06-12,67316936,342309.0,1534692,10123.0,42981515.0,439389.0,09:54.1
320,92031708,2020-07-12,68131040,814104.0,1539965,5273.0,43249276.0,267761.0,09:54.1
321,92438394,2020-08-12,68498598,367558.0,1554768,14803.0,43811551.0,562275.0,09:54.1
322,92862162,2020-09-12,69483855,985257.0,1562886,8118.0,44171660.0,360109.0,09:54.1
323,93188035,2020-10-12,70025535,541680.0,1580006,17120.0,44688463.0,516803.0,09:54.1
324,93517943,2020-11-12,71541897,1516362.0,1590323,10317.0,45070225.0,381762.0,09:54.1
325,93851928,2020-12-12,72126085,584188.0,1602500,12177.0,45680439.0,610214.0,09:54.1
326,94185933,2020-12-13,72221634,95549.0,1611344,8844.0,47139173.0,1458734.0,09:54.1
327,94351911,2020-12-14,73107224,885590.0,1612014,670.0,47218235.0,79062.0,09:54.1
328,95185724,2020-12-16,74724989,732175.0,1645136,16561.0,41887210.0,-2665514.0,09:54.1
329,95543781,2020-12-17,75179482,454493.0,1657706,12570.0,42193884.0,306674.0,09:54.1
330,95866398,2020-12-18,76085068,905586.0,1667124,9418.0,42512618.0,318734.0,09:54.1
331,96223911,2020-12-19,76531725,446657.0,1682143,15019.0,42957535.0,444917.0,09:54.1
332,96531950,2020-12-20,77188346,656621.0,1689925,7782.0,43179943.0,222408.0,09:54.1
333,96889221,2020-12-21,77801721,613375.0,1699285,9360.0,43522242.0,342299.0,09:54.1
334,97220132,2020-12-22,78471775,670054.0,1713109,13824.0,43894903.0,372661.0,09:54.1
335,97559951,2020-12-23,79260455,788680.0,1725959,12850.0,44219799.0,324896.0,09:54.1
336,97919394,2020-12-24,79766525,506070.0,1739962,14003.0,44642816.0,423017.0,09:54.1
337,98268015,2020-12-25,80229602,463077.0,1748715,8753.0,44932522.0,289706.0,09:54.1
338,98629350,2020-12-26,80694954,465352.0,1755940,7225.0,45338147.0,405625.0,09:54.1
339,98993535,2020-12-27,81114788,419834.0,1763133,7193.0,45614015.0,275868.0,09:54.1
340,99370285,2020-12-28,81867031,752243.0,1770562,7429.0,45867925.0,253910.0,09:54.1
341,99754817,2020-12-29,82510560,643529.0,1786057,15495.0,46239512.0,371587.0,09:54.1
342,100096505,2020-12-30,83338512,827952.0,1800400,14343.0,46640066.0,400554.0,09:54.1
343,100472829,2020-12-31,83892131,553619.0,1815864,15464.0,46993335.0,353269.0,09:54.1
344,100870307,2021-01-01,84407031,514900.0,1825810,9946.0,47248015.0,254680.0,09:54.1
345,101240047,2021-02-01,84985054,578023.0,1833188,7378.0,47509473.0,261458.0,09:54.1
346,101640593,2021-03-01,85555275,570221.0,1841077,7889.0,47777565.0,268092.0,09:54.1
347,102051770,2021-04-01,86195556,640281.0,1849904,8827.0,48058025.0,280460.0,09:54.1
348,102473808,2021-05-01,86752314,556758.0,1863653,13749.0,48409904.0,351879.0,09:54.1
349,102850512,2021-06-01,87912740,1160426.0,1875320,11667.0,48637236.0,227332.0,09:54.1
350,103219533,2021-07-01,88203229,290489.0,1895389,20069.0,49013164.0,375928.0,09:54.1
351,103578235,2021-08-01,89396983,1193754.0,1901510,6121.0,49203004.0,189840.0,09:54.1
352,103917379,2021-09-01,90005787,608804.0,1921952,20442.0,49650452.0,447448.0,09:54.1
353,104278484,2021-10-01,90724811,719024.0,1931382,9430.0,49885280.0,234828.0,09:54.1
354,104643372,2021-11-01,91383544,658733.0,1941143,9761.0,50167081.0,281801.0,09:54.1
355,105017520,2021-12-01,92111432,727888.0,1956752,15609.0,50537895.0,370814.0,09:54.1
356,105377012,2021-01-13,92850683,739251.0,1973059,16307.0,50896076.0,358181.0,09:54.1
357,105778966,2021-01-14,93275676,424993.0,1988290,15231.0,51228917.0,332841.0,09:54.1
358,106186981,2021-01-15,94166923,891247.0,2000905,12615.0,51500681.0,271764.0,09:54.1
359,106579023,2021-01-16,94955779,788856.0,2015630,14725.0,51859334.0,358653.0,09:54.1
360,106950436,2021-01-17,95475781,520002.0,2029032,13402.0,52240858.0,381524.0,09:54.1
361,107321424,2021-01-18,96058991,583210.0,2038325,9293.0,52575519.0,334661.0,09:54.1
362,107720340,2021-01-19,96640644,581653.0,2053384,15059.0,52894168.0,318649.0,09:54.1
363,108075685,2021-01-20,97268568,627924.0,2068921,15537.0,53267010.0,372842.0,09:54.1
364,108423605,2021-01-21,98100314,831746.0,2084012,15091.0,53588790.0,321780.0,09:54.1
365,108740652,2021-01-22,98572942,472628.0,2104469,20457.0,54037317.0,448527.0,09:54.1
366,109065260,2021-01-23,99056336,483394.0,2116101,11632.0,54359532.0,322215.0,09:54.1
367,109408223,2021-01-24,99587084,530748.0,2125917,9816.0,54645793.0,286261.0,09:54.1
368,109763142,2021-01-25,100201258,614174.0,2136559,10642.0,54920146.0,274353.0,09:54.1
369,110126955,2021-01-26,100584555,383297.0,2154530,17971.0,55316924.0,396778.0,09:54.1
370,110452033,2021-01-27,101371256,786701.0,2166299,11769.0,55599107.0,282183.0,09:54.1
371,110763538,2021-01-28,101860188,488932.0,2187659,21360.0,55984485.0,385378.0,09:54.1
372,111087661,2021-01-29,102403247,543059.0,2200432,12773.0,56246379.0,261894.0,09:54.1
373,111389083,2021-01-30,102871614,468367.0,2214613,14181.0,56654869.0,408490.0,09:54.1
374,111713393,2021-01-31,103333479,461865.0,2225773,11160.0,56981674.0,326805.0,09:54.1
375,112003814,2021-01-02,103572661,239182.0,2235401,9628.0,57258433.0,276759.0,09:54.1
376,112321219,2021-02-02,104248610,675949.0,2243638,8237.0,57502710.0,244277.0,09:54.1
377,112630912,2021-03-02,104684395,435785.0,2263792,20154.0,57893288.0,390578.0,09:54.1
378,112947619,2021-04-02,105223208,538813.0,2277590,13798.0,58164975.0,271687.0,09:54.1
379,113273074,2021-05-02,105700191,476983.0,2293263,15673.0,58500396.0,335421.0,09:54.1
380,113585221,2021-06-02,106014623,314432.0,2306818,13555.0,58826515.0,326119.0,09:54.1
381,113889491,2021-07-02,106420830,406207.0,2313792,6974.0,59081354.0,254839.0,09:54.1
382,114215770,2021-08-02,106643519,222689.0,2323540,9748.0,59305523.0,224169.0,09:54.1
383,114523584,2021-09-02,107166785,523266.0,2330839,7299.0,59549395.0,243872.0,09:54.1
384,114832368,2021-10-02,107458667,291882.0,2348421,17582.0,59908386.0,358991.0,09:54.1
385,115125952,2021-11-02,108043938,585271.0,2357475,9054.0,60136468.0,228082.0,09:54.1
386,115544449,2021-12-02,108442250,398312.0,2377988,20513.0,60504739.0,368271.0,09:54.1
387,116187238,2021-02-13,108753721,311471.0,2390448,12460.0,60792545.0,287806.0,09:54.1
388,116822870,2021-02-14,109067558,313837.0,2398773,8325.0,61031525.0,238980.0,09:54.1
389,117418259,2021-02-15,109246204,178646.0,2405546,6773.0,61277452.0,245927.0,09:54.1
390,118018296,2021-02-16,109859193,612989.0,2410455,4909.0,61432383.0,154931.0,09:54.1
391,118341300,2021-02-17,110242443,383250.0,2428021,17566.0,61839534.0,407151.0,09:54.1
392,118652391,2021-02-18,110547030,304587.0,2439127,11106.0,62062504.0,222970.0,09:54.1
393,118828105,2021-02-19,110903820,356790.0,2447615,8488.0,62261377.0,198873.0,09:54.1
394,118990991,2021-02-20,111277667,373847.0,2456069,8454.0,62511665.0,250288.0,09:54.1
395,119163684,2021-02-21,111434139,156472.0,2464390,8321.0,62783718.0,272053.0,09:54.1
396,119344965,2021-02-22,111974905,540766.0,2467481,3091.0,62896305.0,112587.0,09:54.1
397,119512350,2021-02-23,112419536,444631.0,2481140,13659.0,63201288.0,304983.0,09:54.1
398,119685480,2021-02-24,112716833,297297.0,2492420,11280.0,63440310.0,239022.0,09:54.1
399,119855692,2021-02-25,113161929,445096.0,2500770,8350.0,63597985.0,157675.0,09:54.1
400,120033655,2021-02-26,113727033,565104.0,2510955,10185.0,63860665.0,262680.0,09:54.1
401,120231953,2021-02-27,113986374,259341.0,2523703,12748.0,64167250.0,306585.0,09:54.1
402,120384633,2021-02-28,114350611,364237.0,2528993,5290.0,64379512.0,212262.0,09:54.1
403,120544475,2021-01-03,114706724,356113.0,2536865,7872.0,64530988.0,151476.0,09:54.1
404,120691899,2021-02-03,114996913,290189.0,2544852,7987.0,64781391.0,250403.0,09:54.1
405,120845627,2021-03-03,115467624,470711.0,2554914,10062.0,65034400.0,253009.0,09:54.1
406,121028695,2021-04-03,115781179,313555.0,2565369,10455.0,65296409.0,262009.0,09:54.1
407,121197800,2021-05-03,116169119,387940.0,2572353,6984.0,65496667.0,200258.0,09:54.1
408,121359113,2021-06-03,116600908,431789.0,2582075,9722.0,65695020.0,198353.0,09:54.1
409,121504792,2021-07-03,117060462,459554.0,2589638,7563.0,65920692.0,225672.0,09:54.1
410,121666777,2021-08-03,117424768,364306.0,2597318,7680.0,66132420.0,211728.0,09:54.1
411,121809678,2021-09-03,117764619,339851.0,2608231,10913.0,66550065.0,417645.0,09:54.1
412,121980468,2021-10-03,118119333,354714.0,2613747,5516.0,66737497.0,187432.0,09:54.1
413,122124149,2021-11-03,118910684,791351.0,2621944,8197.0,66926960.0,189463.0,09:54.1
414,122268470,2021-12-03,119335338,424654.0,2634989,13045.0,67329604.0,402644.0,09:54.1
415,122572264,2021-03-13,119764490,429152.0,2644090,9101.0,67561626.0,232022.0,09:54.1
416,122768659,2021-03-14,119848281,83791.0,2651578,7488.0,67814414.0,252788.0,09:54.1
417,122965672,2021-03-15,120505974,657693.0,2653641,2063.0,67895864.0,81450.0,09:54.1
418,123161449,2021-03-16,121002099,496125.0,2665597,11956.0,68325205.0,429341.0,09:54.1
419,123356915,2021-03-17,121585388,583289.0,2675521,9924.0,68635168.0,309963.0,09:54.1
420,123490777,2021-03-18,121882440,297052.0,2685770,10249.0,68888923.0,253755.0,09:54.1
421,123606163,2021-03-19,122423426,540986.0,2692806,7036.0,69033271.0,144348.0,09:54.1
422,123728559,2021-03-20,122964412,540986.0,2692806,0.0,69033271.0,0.0,09:54.1
423,123848362,2021-03-21,123516699,552287.0,2711747,18941.0,69647959.0,614688.0,09:54.1
424,123996847,2021-03-22,123924888,408189.0,2719703,7956.0,69975879.0,327920.0,09:54.1
425,124072941,2021-03-23,124378693,453805.0,2727640,7937.0,70320511.0,344632.0,09:54.1
426,124091100,2021-03-24,124683860,305167.0,2736980,9340.0,70573246.0,252735.0,09:54.1
427,124094229,2021-03-25,125367928,684068.0,2742357,5377.0,70731505.0,158259.0,09:54.1
428,124195400,2021-03-30,128421931,317715.0,2801695,11868.0,72645238.0,382750.0,09:54.1
429,124324967,2021-03-31,129317945,896014.0,2807094,5399.0,72860502.0,215264.0,09:54.1
430,124481075,2021-01-04,130101770,783825.0,2821367,14273.0,73313131.0,452629.0,09:54.1
431,124633339,2021-02-04,130566186,464416.0,2836220,14853.0,73683975.0,370844.0,09:54.1
432,124785756,2021-03-04,130969721,403535.0,2842363,6143.0,73979197.0,295222.0,09:54.1
433,124938033,2021-04-04,131593180,623459.0,2849208,6845.0,74318541.0,339344.0,09:54.1
434,125090250,2021-05-04,132024928,431748.0,2856632,7424.0,74679417.0,360876.0,09:54.1
435,125238867,2021-06-04,132456676,431748.0,2856632,0.0,74679417.0,0.0,09:54.1
436,125482652,2021-07-04,132929832,473156.0,2873821,17189.0,75221481.0,542064.0,09:54.1
437,125730596,2021-08-04,134038180,1108348.0,2885401,11580.0,75436505.0,215024.0,09:54.1
438,125966570,2021-09-04,135030164,991984.0,2904554,19153.0,76188622.0,752117.0,09:54.1
439,126207392,2021-10-04,135756507,726343.0,2920537,15983.0,76746058.0,557436.0,09:54.1
440,126440122,2021-11-04,136315604,559097.0,2932192,11655.0,77204630.0,458572.0,09:54.1
441,126693115,2021-12-04,136840796,525192.0,2940833,8641.0,77593298.0,388668.0,09:54.1
442,126920249,2021-04-13,137847272,1006476.0,2949096,8263.0,77935627.0,342329.0,09:54.1
443,127171599,2021-04-14,138340920,493648.0,2965199,16103.0,78548136.0,612509.0,09:54.1
444,127432576,2021-04-15,139274615,933695.0,2974830,9631.0,78785642.0,237506.0,09:54.1
445,127676419,2021-04-16,140379953,1105338.0,2989590,14760.0,79359218.0,573576.0,09:54.1
446,127911611,2021-04-17,141015440,635487.0,3007708,18118.0,79972688.0,613470.0,09:54.1
447,128138776,2021-04-18,141684613,669173.0,3014805,7097.0,80500382.0,527694.0,09:54.1
448,128409968,2021-04-19,142468444,783831.0,3024290,9485.0,81018628.0,518246.0,09:54.1
449,128691222,2021-04-20,143012106,543662.0,3036100,11810.0,81617010.0,598382.0,09:54.1
450,128963207,2021-04-21,144025288,1013182.0,3046149,10049.0,81979884.0,362874.0,09:54.1
451,129221911,2021-04-22,144804485,779197.0,3062087,15938.0,82570488.0,590604.0,09:54.1
452,129484038,2021-04-23,145943305,1138820.0,3073868,11781.0,83220681.0,650193.0,09:54.1
453,129737299,2021-04-24,146628322,685017.0,3091553,17685.0,84040856.0,820175.0,09:54.1
454,129995094,2021-04-25,147325436,697114.0,3102588,11035.0,84489495.0,448639.0,09:54.1
455,130262767,2021-04-26,148190387,864951.0,3112206,9618.0,85028957.0,539462.0,09:54.1
456,130518605,2021-04-27,149036962,846575.0,3126361,14155.0,85879081.0,850124.0,09:54.1
457,130777344,2021-04-28,149945664,908702.0,3141143,14782.0,86485444.0,606363.0,09:54.1
458,131034308,2021-04-29,150848483,902819.0,3156408,15265.0,87129309.0,643865.0,09:54.1
459,131295303,2021-04-30,151517785,669302.0,3171896,15488.0,87865172.0,735863.0,09:54.1
460,131556350,2021-01-05,152199538,681753.0,3182915,11019.0,88399777.0,534605.0,09:54.1
461,131809749,2021-02-05,152875042,675504.0,3192613,9698.0,89931151.0,1531374.0,09:54.1
462,132079900,2021-03-05,153819254,944212.0,3202699,10086.0,89625669.0,-305482.0,09:54.1
463,132335316,2021-04-05,154469379,650125.0,3218906,16207.0,90520099.0,894430.0,09:54.1
464,132577545,2021-05-05,155475984,1006605.0,3230336,11430.0,91045189.0,525090.0,09:54.1
465,132791923,2021-06-05,156433646,957662.0,3247557,17221.0,91855975.0,810786.0,09:54.1
466,133052137,2021-07-05,157113663,680017.0,3263874,16317.0,92597101.0,741126.0,09:54.1
467,133299849,2021-08-05,157703626,589963.0,3274385,10511.0,93217307.0,620206.0,09:54.1
468,133545224,2021-09-05,158517386,813760.0,3283422,9037.0,93741151.0,523844.0,09:54.1
469,133786930,2021-10-05,159268576,751190.0,3296584,13162.0,94553699.0,812548.0,09:54.1
470,134027228,2021-11-05,159845155,576579.0,3311504,14920.0,95242254.0,688555.0,09:54.1
471,134248282,2021-12-05,160743894,898739.0,3321212,9708.0,95897262.0,655008.0,09:54.1
472,134407099,2021-05-13,161290797,546903.0,3338355,17143.0,95897262.0,0.0,09:54.1
473,134562576,2021-05-14,162017106,726309.0,3347183,8828.0,,,09:54.1
474,134779332,2021-05-15,162738904,721798.0,3360359,13176.0,,,09:54.1
475,135035980,2021-05-16,163161728,422824.0,3374087,13728.0,,,09:54.1
476,135285121,2021-05-17,163816596,654868.0,3381269,7182.0,,,09:54.1
477,135537398,2021-05-18,164464039,647443.0,3395193,13924.0,,,09:54.1
478,135788697,2021-05-19,165091142,627103.0,3409471,14278.0,,,09:54.1
479,136049478,2021-05-20,165848289,757147.0,3421514,12043.0,,,09:54.1
480,136291681,2021-05-21,166195983,347694.0,3437836,16322.0,,,09:54.1
481,136518222,2021-05-22,166839883,643900.0,3444498,6662.0,,,09:54.1
482,136772282,2021-05-23,167243444,403561.0,3456780,12282.0,,,09:54.1
483,137006407,2021-05-24,167411409,167965.0,3465348,8568.0,,,09:54.1
484,137240075,2021-05-25,167951168,539759.0,3475817,10469.0,,,09:54.1
485,137485247,2021-05-26,168502092,550924.0,3488242,12425.0,,,09:54.1
486,137732444,2021-05-27,169071044,568952.0,3500383,12141.0,,,09:54.1
487,137976043,2021-05-28,169612445,541401.0,3513320,12937.0,,,09:54.1
488,138197339,2021-05-29,170044172,431727.0,3526058,12738.0,,,09:54.1
489,138419843,2021-05-30,170471070,426898.0,3535383,9325.0,,,09:54.1
490,138634574,2021-05-31,170865698,394628.0,3544118,8735.0,,,09:54.1
491,138879498,2021-01-06,171335846,470148.0,3552788,8670.0,,,09:54.1
492,139097141,2021-02-06,171784138,448292.0,3683428,,,,09:54.1
493,139262461,2021-03-06,172293942,509804.0,3693798,10370.0,,,09:54.1
494,139493808,2021-04-06,172851292,557350.0,3704724,10926.0,,,09:54.1
495,139717216,2021-05-06,173101490,250198.0,3718190,13466.0,,,09:54.1
496,139938126,2021-06-06,173427800,326310.0,3724017,5827.0,,,09:54.1
497,140133613,2021-07-06,173709075,281275.0,3731634,7617.0,,,09:54.1
498,140379995,2021-08-06,174138129,429054.0,3739443,7809.0,,,09:54.1
499,140580142,2021-09-06,174509849,371720.0,3750463,11020.0,,,09:54.1
500,140798583,2021-10-06,174949567,439718.0,3759536,9073.0,,,09:54.1
501,141025641,2021-11-06,175363380,413813.0,3775261,15725.0,,,09:54.1
502,141232592,2021-12-06,175668875,305495.0,3786968,11707.0,,,09:54.1
503,141453976,2021-06-13,176037471,368596.0,3795554,8586.0,,,09:54.1
504,141692372,2021-06-14,176412684,375213.0,3805611,10057.0,,,09:54.1
505,141911476,2021-06-15,176773897,361213.0,3815164,9553.0,,,09:54.1
506,142124572,2021-06-16,177120609,346712.0,3825114,9950.0,,,09:54.1
507,142341345,2021-06-17,177588390,467781.0,3834951,9837.0,,,09:54.1
508,142553317,2021-06-18,177967293,378903.0,3845051,10100.0,,,09:54.1
509,142757624,2021-06-19,178333628,366335.0,3853964,8913.0,,,09:54.1
510,142950097,2021-06-20,178629126,295498.0,3862271,8307.0,,,09:54.1
511,143133250,2021-06-21,178840744,211618.0,3868643,6372.0,,,09:54.1
512,143325244,2021-06-22,179330862,490118.0,3874630,5987.0,,,09:54.1
513,143547658,2021-06-23,179723542,392680.0,3885531,10901.0,,,09:54.1
514,143746830,2021-06-24,180156623,433081.0,3894122,8591.0,,,09:54.1
515,143972473,2021-06-25,180532370,375747.0,3903389,9267.0,,,09:54.1
516,144190612,2021-06-26,180948026,415656.0,3911692,8303.0,,,09:54.1
517,144415089,2021-06-27,181230014,281988.0,3919969,8277.0,,,09:54.1
518,144642487,2021-06-28,181601477,371463.0,3925445,5476.0,,,09:54.1
519,144876295,2021-06-29,182009062,407585.0,3932925,7480.0,,,09:54.1
520,145100471,2021-06-30,182420108,411046.0,3941475,8550.0,,,09:54.1
521,145324423,2021-01-07,182867501,447393.0,3950309,8834.0,,,09:54.1
522,145568315,2021-02-07,183271983,404482.0,3959094,8785.0,,,09:54.1
523,145753475,2021-03-07,183647224,375241.0,3966551,7457.0,,,09:54.1
524,145955664,2021-04-07,184004202,356978.0,3973845,7294.0,,,09:54.1
525,146125528,2021-05-07,184394772,390570.0,3980139,6294.0,,,09:54.1
526,146306473,2021-06-07,184856788,462016.0,3988239,8100.0,,,09:54.1
527,146501332,2021-07-07,185078882,222094.0,3996940,8701.0,,,09:54.1
528,146723650,2021-08-07,185663348,584466.0,4001791,4851.0,,,09:54.1
529,146930968,2021-09-07,186082418,419070.0,4012659,10868.0,,,09:54.1
530,147182481,2021-10-07,186607396,524978.0,4019368,6709.0,,,09:54.1
531,147421260,2021-11-07,186762453,155057.0,4027601,8233.0,,,09:54.1
532,147513121,2021-12-07,187446896,684443.0,4030918,3317.0,,,09:54.1
533,147771813,2021-07-14,188477293,345941.0,4053615,11349.0,,,09:54.1
534,148043423,2021-07-15,189239053,761760.0,4060292,6677.0,,,09:54.1
535,148284484,2021-07-16,189780227,541174.0,4070341,10049.0,,,09:54.1
536,148541860,2021-07-17,190280826,500599.0,4078856,8515.0,,,09:54.1
537,148796757,2021-07-18,190526225,245399.0,4086246,7390.0,,,09:54.1
538,149050126,2021-07-19,191216295,690070.0,4091672,5426.0,,,09:54.1
539,149304056,2021-07-20,191626825,410530.0,4101590,9918.0,,,09:54.1
540,149548699,2021-07-21,192054106,427281.0,4122004,20414.0,,,09:54.1
541,149803178,2021-07-22,192939490,885384.0,4128058,6054.0,,,09:54.1
542,150057349,2021-07-23,193165622,226132.0,4140700,12642.0,,,09:54.1
543,150303263,2021-07-24,193979302,813680.0,4143105,2405.0,,,09:54.1
544,150547569,2021-07-25,194354288,374986.0,4156401,13296.0,,,09:54.1
545,150747838,2021-07-26,194995684,641396.0,4163220,6819.0,,,09:54.1
546,150919374,2021-07-27,195498370,502686.0,4172822,9602.0,,,09:54.1
547,151110332,2021-07-28,196040884,542514.0,4180770,7948.0,,,09:54.1
548,151300289,2021-07-29,196995824,954940.0,4188536,7766.0,,,09:54.1
549,151488450,2021-07-30,197667583,671759.0,4203926,15390.0,,,09:54.1
550,151676522,2021-07-31,198182570,514987.0,4214100,10174.0,,,09:54.1
551,151854672,2021-01-08,198614523,431953.0,4222338,8238.0,,,09:54.1
552,152035079,2021-02-08,199299103,684580.0,4229142,6804.0,,,09:54.1
553,152222815,2021-03-08,200046509,747406.0,4241509,12367.0,,,09:54.1
554,152398730,2021-04-08,200670720,624211.0,4253059,11550.0,,,09:54.1
555,152574572,2021-05-08,201430552,759832.0,4263828,10769.0,,,09:54.1
556,152742661,2021-06-08,202002134,571582.0,4274316,10488.0,,,09:54.1
557,152918429,2021-07-08,202598167,596033.0,4283150,8834.0,,,09:54.1
558,153095214,2021-08-08,203205809,607642.0,4292160,9010.0,,,09:54.1
559,153272223,2021-09-08,203802993,597184.0,4300070,7910.0,,,09:54.1
560,153450710,2021-10-08,204575521,772528.0,4310553,10483.0,,,09:54.1
561,153621458,2021-11-08,205221336,645815.0,4322282,11729.0,,,09:54.1
562,153794671,2021-12-08,205959886,738550.0,4331098,8816.0,,,09:54.1
563,153966717,2021-08-13,206592828,632942.0,4342769,11671.0,,,09:54.1
564,154138629,2021-08-14,207070412,477584.0,4351359,8590.0,,,09:54.1
565,154307175,2021-08-15,207604434,534022.0,4360139,8780.0,,,09:54.1
566,154471134,2021-08-16,208213736,609302.0,4367603,7464.0,,,09:54.1
567,154630939,2021-08-17,209076320,862584.0,4377248,9645.0,,,09:54.1
568,154797349,2021-08-18,209759451,683131.0,4389211,11963.0,,,09:54.1
569,154960566,2021-08-19,210325635,566184.0,4398843,9632.0,,,09:54.1
570,155133535,2021-08-20,211232169,906534.0,4408713,9870.0,,,09:54.1
571,155308124,2021-08-21,211721161,488992.0,4420984,12271.0,,,09:54.1
572,155472320,2021-08-22,212328733,607572.0,4429457,8473.0,,,09:54.1
573,155633695,2021-08-23,212610603,281870.0,4438511,9054.0,,,09:54.1
574,155797953,2021-08-24,213461327,850724.0,4442545,4034.0,,,09:54.1
575,155970856,2021-08-25,214371702,910375.0,4457027,14482.0,,,09:54.1
576,156129491,2021-08-26,215047649,675947.0,4470302,13275.0,,,09:54.1
577,156284194,2021-08-27,215744845,697196.0,4480486,10184.0,,,09:54.1
578,156445293,2021-08-28,216328547,583702.0,4490915,10429.0,,,09:54.1
579,156592842,2021-08-29,216664634,336087.0,4499936,9021.0,,,09:54.1
580,156739865,2021-08-30,217359371,694737.0,4505400,5464.0,,,09:54.1
581,156906802,2021-08-31,218103709,744338.0,4514209,8809.0,,,09:54.1
582,157076323,2021-01-09,218852313,748604.0,4526811,12602.0,,,09:54.1
583,157236154,2021-02-09,219456675,604362.0,4548553,21742.0,,,09:54.1
584,157385400,2021-03-09,220165153,708478.0,4553707,5154.0,,,09:54.1
585,157552358,2021-04-09,220360991,195838.0,4558862,5155.0,,,09:54.1
586,157719421,2021-05-09,221005559,644568.0,4562885,4023.0,,,09:54.1
587,157885012,2021-06-09,221655468,649909.0,4573243,10358.0,,,09:54.1
588,158037621,2021-07-09,222447968,792500.0,4582407,9164.0,,,09:54.1
589,158207758,2021-08-09,222939979,492011.0,4594354,11947.0,,,09:54.1
590,158372170,2021-09-09,223514206,574227.0,4601835,7481.0,,,09:54.1
591,158534330,2021-10-09,223851538,337332.0,4611170,9335.0,,,09:54.1
592,158694010,2021-11-09,224322544,471006.0,4616874,5704.0,,,09:54.1
593,158853641,2021-12-09,224921316,598772.0,4625974,9100.0,,,09:54.1
594,159023847,2021-09-13,225520088,598772.0,4625974,0.0,,,09:54.1
595,159185902,2021-09-14,225854459,334371.0,4643736,17762.0,,,09:54.1
596,159334861,2021-09-15,226643823,789364.0,4649965,6229.0,,,09:54.1
597,159514873,2021-09-16,227410670,766847.0,4662980,13015.0,,,09:54.1
598,159673319,2021-09-17,227860623,449953.0,4676132,13152.0,,,09:54.1
599,159822109,2021-09-18,228397253,536630.0,4682527,6395.0,,,09:54.1
600,159970473,2021-09-19,228688628,291375.0,4689629,7102.0,,,09:54.1
601,160122068,2021-09-20,229241384,552756.0,4694578,4949.0,,,09:54.1
602,160279948,2021-09-21,229628819,387435.0,4703434,8856.0,,,09:54.1
603,160436278,2021-09-22,230351063,722244.0,4710758,7324.0,,,09:54.1
604,160570061,2021-09-23,230821219,470156.0,4723172,12414.0,,,09:54.1
605,160706654,2021-09-24,231240590,419371.0,4732156,8984.0,,,09:54.1
606,160861465,2021-09-25,231696727,456137.0,4739805,7649.0,,,09:54.1
607,161016083,2021-09-26,232066390,369663.0,4746184,6379.0,,,09:54.1
608,161170678,2021-09-27,232426039,359649.0,4751480,5296.0,,,09:54.1
609,161330448,2021-09-28,232865405,439366.0,4758486,7006.0,,,09:54.1
610,161487137,2021-09-29,233479934,614529.0,4767341,8855.0,,,09:54.1
611,161643960,2021-09-30,233908734,428800.0,4777581,10240.0,,,09:54.1
612,161779086,2021-01-10,234339711,430977.0,4786203,8622.0,,,09:54.1
613,161895840,2021-02-10,234606800,267089.0,4793164,6961.0,,,09:54.1
614,162476881,2021-06-10,235825990,417908.0,4809149,3996.0,,,09:54.1
615,162572424,2021-07-10,236511950,685960.0,4816565,7416.0,,,09:54.1
616,162649902,2021-08-10,236770665,258715.0,4828340,11775.0,,,09:54.1
617,162813101,2021-09-10,237249329,478664.0,4834539,6199.0,,,09:54.1
618,162956077,2021-10-10,237413744,164415.0,4842788,8249.0,,,09:54.1
619,163181634,2021-12-10,238272207,694045.0,4847462,2337.0,,,09:54.1
620,163333357,2021-10-13,238940176,667969.0,4857422,9960.0,,,09:54.1
621,163773759,2021-10-15,240070992,462853.0,4882066,12322.0,,,09:54.1
622,163921927,2021-10-16,240236944,165952.0,4889737,7671.0,,,09:54.1
623,164220271,2021-10-18,240680365,277459.0,4894860,2562.0,,,09:54.1
624,164272235,2021-10-19,241124448,444083.0,4898668,3808.0,,,09:54.1
625,164552757,2021-10-21,242033650,465128.0,4913106,7219.0,,,09:54.1
626,164707641,2021-10-22,242498327,464677.0,4922065,8959.0,,,09:54.1
627,164884654,2021-10-23,242987401,489074.0,4929776,7711.0,,,09:54.1
628,165034630,2021-10-24,243329424,342023.0,4938251,8475.0,,,09:54.1
629,165340733,2021-10-26,244074377,402942.0,4948410,5080.0,,,09:54.1
630,165491530,2021-10-27,244508567,434190.0,4954956,6546.0,,,09:54.1
631,165654160,2021-10-28,245015863,507296.0,4963841,8885.0,,,09:54.1
632,165845105,2021-10-29,245518227,502364.0,4972321,8480.0,,,09:54.1
633,165986161,2021-10-30,246025709,507482.0,4981186,8865.0,,,09:54.1
634,166134216,2021-10-31,246369472,343763.0,4989532,8346.0,,,09:54.1
635,166473038,2021-02-11,247140208,426988.0,5000000,5234.0,,,09:54.1
636,166648643,2021-03-11,247574342,434134.0,5006081,6081.0,,,09:54.1
637,166682335,2021-04-11,248618294,1043952.0,5013591,7510.0,,,09:54.1
638,166960483,2021-05-11,248876384,258090.0,5029535,15944.0,,,09:54.1
639,167235862,2021-07-11,249541892,407411.0,5038372,4419.0,,,09:54.1
640,167254950,2021-08-11,249878373,336481.0,5044839,6467.0,,,09:54.1
641,167518440,2021-09-11,250368055,489682.0,5049273,4434.0,,,09:54.1
642,167657021,2021-10-11,250847494,479439.0,5055944,6671.0,,,09:54.1
643,167804014,2021-11-11,251420477,572983.0,5064350,8406.0,,,09:54.1
644,167949635,2021-12-11,252054816,634339.0,5072444,8094.0,,,09:54.1
645,168165825,2021-11-15,253870057,546569.0,5100370,9309.0,,,09:54.1
646,168309625,2021-11-16,254604256,734199.0,5107084,6714.0,,,09:54.1
647,168486944,2021-11-19,256382336,309686.0,5132202,8373.0,,,09:54.1
648,168709239,2021-11-21,257168692,476669.0,5140519,4159.0,,,09:54.1
649,168813769,2021-11-22,257555773,387081.0,5146467,5948.0,,,09:54.1
650,168923560,2021-11-23,257555773,0.0,5150868,4401.0,,,09:54.1
