Email No.,the,to,ect,and,for,of,a,you,in,on,is,this,i,be,that,will
Email 1,0,0,1,0,0,0,2,0,0,0,1,0,2,0,0,0
Email 2,8,13,24,6,6,2,102,1,18,21,13,0,61,4,2,0
Email 3,0,0,1,0,0,0,8,0,4,2,0,0,8,0,0,0
Email 4,0,5,22,0,5,1,51,2,1,5,9,2,16,2,0,0
Email 5,7,6,17,1,5,2,57,0,3,12,2,2,30,8,0,0
Email 6,4,5,1,4,2,3,45,1,16,12,8,1,52,2,0,0
Email 7,5,3,1,3,2,1,37,0,9,4,6,2,27,1,0,0
Email 8,0,2,2,3,1,2,21,6,2,6,2,0,28,1,0,1
Email 9,2,2,3,0,0,1,18,0,3,3,2,1,15,0,1,0
Email 10,4,4,35,0,1,0,49,1,9,4,1,0,35,10,0,2
Email 11,22,14,2,9,2,2,104,0,35,13,21,9,96,6,8,2
Email 12,33,28,27,11,10,12,173,6,28,47,27,7,160,11,1,6
Email 13,27,17,3,7,5,8,106,3,22,33,16,5,102,7,0,6
Email 14,4,5,7,1,5,1,37,1,8,8,6,1,43,1,0,1
Email 15,2,4,6,0,3,1,16,0,6,4,1,0,19,1,0,0
Email 16,6,2,1,0,2,0,36,3,8,4,6,3,27,2,1,0
Email 17,3,1,2,2,0,1,17,0,1,1,0,0,5,0,1,0
Email 18,36,21,6,14,7,17,194,25,59,37,16,5,190,17,7,8
Email 19,1,3,1,0,2,0,14,0,1,1,5,3,13,2,0,0
Email 20,3,4,11,0,4,2,32,1,1,3,9,5,25,3,0,1
Email 21,0,0,1,1,0,0,15,1,2,0,1,0,7,1,0,0
Email 22,5,1,13,2,3,1,36,2,5,6,5,0,27,3,2,1
Email 23,0,3,6,0,5,0,30,0,6,17,0,0,15,3,0,0
Email 24,4,0,1,0,2,1,15,1,8,1,2,1,13,0,0,0
Email 25,0,0,1,0,4,0,10,0,1,2,1,0,2,0,0,0
Email 26,12,53,2,14,18,14,287,0,86,50,47,6,300,7,3,0
Email 27,5,4,1,1,4,4,51,0,8,6,6,2,44,6,0,0
Email 28,1,1,2,0,1,0,14,1,0,9,1,0,13,0,0,0
Email 29,18,14,2,3,1,5,87,3,16,18,9,0,66,1,1,0
Email 30,9,11,47,2,3,11,83,2,12,23,8,5,59,4,1,1
Email 31,6,0,1,0,1,7,28,0,5,12,2,1,19,2,0,2
Email 32,0,1,1,0,0,0,8,0,2,1,1,0,11,0,0,0
Email 33,21,14,43,22,9,6,191,15,27,47,47,11,137,20,6,1
Email 34,7,8,10,0,1,0,50,0,9,8,11,5,45,3,2,1
Email 35,6,6,4,0,1,0,39,0,8,7,10,5,37,2,0,0
Email 36,3,2,1,0,1,1,25,1,4,5,2,1,15,1,1,0
Email 37,11,6,7,5,4,1,71,4,3,11,7,3,45,3,3,1
Email 38,5,1,2,1,1,0,19,1,0,7,1,0,16,2,1,0
Email 39,7,2,1,3,1,3,27,1,3,4,3,1,18,1,0,1
Email 40,8,4,1,2,4,1,38,6,11,1,4,0,65,2,1,13
Email 41,2,3,1,5,1,0,45,0,8,6,10,2,37,2,0,0
Email 42,5,5,8,2,2,0,41,1,2,6,4,1,21,3,2,1
Email 43,4,1,1,0,0,0,23,2,5,4,1,0,24,2,2,0
Email 44,2,8,20,4,5,2,57,7,10,10,7,6,39,17,1,0
Email 45,7,8,3,7,6,0,48,3,7,5,9,5,30,1,1,0
Email 46,7,7,2,7,5,5,61,8,10,6,2,0,58,0,0,0
Email 47,4,0,1,0,4,0,21,0,6,2,0,0,9,1,0,0
Email 48,16,13,4,0,13,3,91,14,11,24,11,0,70,1,4,1
Email 49,13,9,3,2,6,3,48,3,10,17,8,1,48,4,3,0
Email 50,2,6,1,1,3,0,56,0,4,19,0,0,17,3,0,3
Email 51,5,5,1,1,2,2,23,0,4,12,1,0,22,0,0,0
Email 52,3,3,1,1,0,3,37,2,4,6,4,0,29,2,0,1
Email 53,10,8,1,1,6,9,52,7,12,9,4,0,51,9,2,3
Email 54,1,1,1,2,0,1,52,0,2,4,2,0,30,1,0,0
Email 55,60,38,7,17,23,11,278,17,45,55,26,1,186,14,9,5
Email 56,0,1,2,0,1,0,13,1,0,8,0,0,8,1,0,0
Email 57,0,5,2,0,1,0,12,0,0,9,0,0,10,4,0,0
Email 58,2,3,1,2,1,0,17,6,4,2,4,2,13,1,1,1
Email 59,0,1,6,2,1,0,21,0,1,6,1,0,16,0,0,0
Email 60,0,0,1,1,0,0,5,0,1,1,0,0,5,0,0,0
Email 61,0,4,2,0,1,1,22,2,6,3,4,0,26,1,1,0
Email 62,0,1,1,0,4,1,15,4,4,3,3,0,19,2,0,0
Email 63,5,4,8,4,5,1,46,1,12,17,3,0,54,0,0,1
Email 64,0,1,8,0,1,0,13,0,1,5,1,0,11,0,0,0
Email 65,1,5,2,0,0,3,65,4,10,12,6,0,42,3,0,0
Email 66,16,7,1,2,5,2,52,1,19,3,2,1,37,2,3,2
Email 67,0,0,1,0,1,0,3,0,1,1,0,0,3,1,0,0
Email 68,11,10,15,6,7,6,80,0,10,31,5,0,63,2,0,0
Email 69,2,5,2,0,0,0,43,0,5,7,1,0,32,1,0,0
Email 70,23,12,11,3,15,2,128,1,28,28,11,4,79,6,2,0
Email 71,2,1,1,0,0,0,8,1,3,6,3,1,18,0,1,1
Email 72,0,6,1,0,0,0,19,0,5,7,4,0,27,0,0,0
Email 73,0,2,1,4,1,0,37,4,6,14,4,0,43,2,0,0
Email 74,0,0,1,0,0,0,7,0,4,3,0,0,6,0,0,0
Email 75,6,3,1,1,1,3,26,0,2,4,3,1,25,1,1,0
Email 76,0,1,2,0,1,0,13,0,0,5,0,0,7,1,0,0
Email 77,5,3,1,1,1,2,22,0,7,1,6,1,18,0,2,0
Email 78,9,3,1,2,2,4,28,0,8,5,10,2,27,0,3,0
Email 79,3,1,1,0,1,1,19,0,2,6,1,1,12,2,0,1
Email 80,13,11,5,4,9,12,168,7,27,39,21,1,178,2,0,0
Email 81,3,0,1,1,0,1,10,1,4,0,1,0,10,2,0,1
Email 82,0,0,1,0,0,0,5,0,0,1,1,0,9,1,0,0
Email 83,1,1,1,1,1,0,13,1,3,3,2,0,16,1,0,1
Email 84,12,15,1,12,7,1,231,10,51,33,4,1,290,3,1,1
Email 85,7,1,4,2,0,2,28,1,6,6,6,1,21,2,2,0
Email 86,8,3,13,4,2,4,45,1,3,5,5,2,22,2,0,1
Email 87,0,0,1,0,1,0,3,0,0,2,0,0,0,1,0,0
Email 88,0,1,1,0,0,0,3,0,0,0,0,0,4,0,0,0
Email 89,0,0,1,0,1,0,3,0,1,1,0,0,3,1,0,0
Email 90,3,2,1,0,2,0,18,1,0,2,0,0,3,2,1,0
Email 91,1,0,1,0,0,0,4,0,0,0,0,0,0,1,0,0
Email 92,8,5,2,0,2,0,34,1,6,4,3,2,18,2,1,1
Email 93,22,15,2,13,3,13,172,17,24,34,17,5,118,10,3,2
Email 94,19,23,4,20,12,11,190,12,28,28,14,0,125,8,2,2
Email 95,6,10,17,2,4,1,68,2,17,21,6,1,54,6,0,2
Email 96,17,15,29,5,8,2,128,3,25,35,18,5,99,7,3,4
Email 97,8,6,8,0,2,0,48,1,6,7,3,2,23,2,1,1
Email 98,3,1,1,0,2,0,11,0,1,3,1,0,6,0,1,0
Email 99,2,1,1,0,1,2,20,0,6,3,1,1,14,2,1,0
Email 100,3,3,1,1,0,3,35,2,4,6,4,0,28,0,0,1
Email 101,3,2,1,2,2,1,24,0,4,1,3,2,15,0,1,0
Email 102,2,2,2,0,2,0,19,1,3,4,3,0,16,2,1,0
Email 103,1,3,1,2,2,0,24,2,3,4,0,0,23,3,0,0
Email 104,0,0,1,0,0,0,4,0,0,1,1,0,1,0,0,0
Email 105,0,1,2,1,2,2,25,1,3,3,4,0,23,0,0,0
Email 106,1,0,1,1,3,1,23,0,4,3,3,1,22,3,0,2
Email 107,7,12,1,2,5,8,55,7,19,12,4,2,49,1,3,6
Email 108,35,32,9,23,15,33,314,0,97,78,33,5,342,10,6,5
Email 109,5,5,16,2,5,1,51,0,5,4,5,2,25,0,1,1
Email 110,1,5,3,0,0,0,43,0,5,8,3,0,33,3,0,0
Email 111,1,1,1,0,0,0,9,1,1,2,1,0,7,1,0,0
Email 112,31,26,4,21,16,13,189,3,31,48,40,16,173,13,10,2
Email 113,5,2,2,1,0,1,18,2,1,0,0,0,6,1,0,2
Email 114,24,11,23,2,11,2,110,6,39,27,13,0,105,4,6,1
Email 115,1,2,1,2,2,0,14,1,1,2,1,0,7,4,0,0
Email 116,33,16,8,7,16,21,387,11,45,88,40,7,294,5,2,1
Email 117,2,0,1,0,1,1,15,1,1,1,0,0,4,0,0,0
Email 118,1,3,7,2,1,1,20,0,3,5,3,1,15,4,0,0
Email 119,14,12,12,6,8,3,98,3,17,24,14,4,88,6,7,1
Email 120,9,7,1,4,4,3,35,1,15,7,3,2,34,4,3,1
Email 121,6,7,11,5,2,1,62,4,12,15,8,1,48,7,4,1
Email 122,0,2,1,1,0,1,55,0,4,6,2,0,34,1,0,0
Email 123,0,2,1,1,3,1,14,0,1,3,4,3,10,1,0,0
Email 124,2,2,1,1,1,0,22,3,0,2,3,2,8,0,3,0
Email 125,0,0,1,0,1,0,7,0,0,3,0,0,2,0,0,0
Email 126,1,1,1,0,1,0,6,0,0,1,1,0,1,0,0,0
Email 127,1,3,2,1,1,0,11,1,0,7,0,0,7,1,0,0
Email 128,11,12,3,3,3,2,52,1,7,6,7,5,45,2,0,0
Email 129,0,1,1,0,0,0,18,1,0,0,6,3,12,0,1,1
Email 130,0,0,1,0,0,0,0,0,1,0,0,0,2,0,0,0
Email 131,1,0,1,1,1,0,16,1,3,5,2,0,14,2,0,0
Email 132,5,16,2,1,0,0,42,0,6,13,3,0,31,0,1,0
Email 133,2,2,3,2,0,1,10,1,4,1,1,0,13,0,0,0
Email 134,3,3,2,1,0,3,27,2,3,7,3,0,25,0,0,1
Email 135,3,2,2,3,0,1,30,2,3,5,2,1,23,2,1,0
Email 136,0,1,1,2,0,0,18,1,2,1,1,0,8,2,1,0
Email 137,8,1,1,3,4,1,33,2,8,0,3,1,24,1,2,1
Email 138,0,1,2,0,1,0,13,0,0,7,3,0,9,0,0,0
Email 139,0,1,2,0,1,0,11,0,0,5,0,0,7,1,0,0
Email 140,2,4,1,2,1,0,41,0,11,8,3,0,27,2,0,1
Email 141,31,36,62,9,25,14,275,13,38,60,37,5,214,17,7,6
Email 142,15,22,47,5,6,6,121,0,26,21,20,1,104,12,4,7
Email 143,3,5,10,0,5,0,32,5,3,9,2,1,24,5,0,1
Email 144,14,12,7,6,4,2,122,5,13,19,15,5,78,7,2,3
Email 145,1,0,1,0,0,0,3,0,0,0,0,0,0,1,0,0
Email 146,0,0,1,0,0,0,11,2,0,0,2,1,11,0,0,0
Email 147,4,12,4,9,7,1,214,2,24,35,24,0,197,7,0,2
Email 148,1,2,1,3,1,0,28,3,1,7,2,1,14,0,0,1
Email 149,0,3,4,1,0,1,40,0,5,8,1,0,39,3,0,0
Email 150,5,11,1,2,2,5,49,11,12,3,5,3,43,4,3,0
Email 151,0,1,2,0,3,0,15,0,0,5,0,0,7,1,0,0
Email 152,0,5,1,3,1,0,31,0,7,1,2,1,14,4,0,2
Email 153,0,1,1,0,1,0,4,0,0,1,0,0,0,0,0,0
Email 154,18,9,3,3,2,1,67,2,14,16,8,6,67,5,5,3
Email 155,2,7,12,6,2,1,62,4,10,7,8,4,35,6,0,5
Email 156,2,3,2,0,3,3,25,0,8,4,4,1,27,0,0,0
Email 157,2,6,12,1,4,3,48,0,11,7,6,2,38,1,0,0
Email 158,3,4,2,2,1,2,28,2,4,6,5,2,30,4,2,3
Email 159,1,8,8,5,5,1,192,1,39,33,24,0,189,14,0,0
Email 160,4,9,3,5,5,0,178,2,27,22,11,0,130,10,0,1
Email 161,26,10,3,14,2,7,97,5,38,19,17,4,107,8,7,1
Email 162,2,3,1,4,2,0,28,3,6,4,1,0,16,2,1,1
Email 163,0,1,1,0,0,0,4,0,0,0,0,0,0,0,0,0
Email 164,0,1,1,0,3,0,18,0,3,5,4,1,11,1,0,0
Email 165,10,6,18,3,7,5,72,0,12,13,21,3,46,1,3,0
Email 166,2,1,1,0,0,3,33,1,4,6,0,0,12,1,0,1
Email 167,0,1,1,0,0,0,6,0,1,1,0,0,5,1,0,0
Email 168,2,2,2,1,5,1,24,2,5,6,4,0,30,2,0,0
Email 169,10,9,3,2,3,3,38,3,19,8,4,2,41,3,2,1
Email 170,1,0,1,0,0,1,23,0,4,4,1,0,26,1,0,0
Email 171,21,23,1,11,11,3,127,0,19,25,29,16,110,10,4,2
Email 172,11,11,1,3,5,5,81,3,12,15,7,2,67,6,0,6
Email 173,0,2,1,0,0,0,45,1,4,5,4,0,33,3,0,0
Email 174,0,1,1,0,0,1,7,0,1,1,0,0,5,0,0,0
Email 175,29,28,6,16,12,4,150,1,28,33,33,18,135,10,4,3
Email 176,2,6,2,2,4,7,33,2,8,9,10,4,37,3,0,0
Email 177,22,17,2,9,8,8,163,18,41,31,25,3,173,15,4,2
Email 178,2,0,1,0,1,0,4,1,1,0,1,0,2,0,0,0
Email 179,13,6,2,4,4,7,69,5,14,9,9,2,47,2,2,0
Email 180,40,41,79,11,35,18,341,16,43,79,46,6,257,20,14,6
Email 181,0,0,1,0,1,0,6,1,0,1,0,0,5,1,0,0
Email 182,1,0,1,0,0,0,1,0,0,0,0,0,0,1,0,0
Email 183,14,34,45,5,28,3,228,6,25,41,36,23,135,13,3,0
Email 184,2,2,2,1,5,0,20,2,5,6,4,0,28,2,0,0
Email 185,1,0,1,0,0,0,8,0,0,0,1,0,5,1,0,0
Email 186,3,2,1,0,6,1,24,5,3,5,0,0,17,0,0,0
Email 187,4,2,7,3,5,0,37,1,1,4,3,3,13,5,1,0
Email 188,18,9,16,5,7,3,81,1,6,13,6,3,32,11,3,1
Email 189,1,1,1,0,0,0,14,4,4,2,0,0,15,0,0,0
Email 190,9,7,1,5,1,4,41,3,14,10,8,2,54,5,0,0
Email 191,5,2,1,1,4,0,31,3,8,3,5,2,27,0,0,0
Email 192,5,6,1,1,3,3,48,3,13,13,10,3,64,1,0,0
Email 193,1,1,1,1,0,1,15,0,0,2,2,0,4,1,1,0
Email 194,5,0,1,2,2,0,12,1,2,4,4,3,9,1,0,0
Email 195,0,0,2,0,2,0,12,2,5,4,2,0,13,0,0,0
Email 196,9,3,2,1,5,1,38,1,4,2,0,0,20,3,2,0
Email 197,35,18,4,17,13,15,178,11,36,30,23,10,156,14,3,0
Email 198,0,0,1,0,1,0,5,0,1,1,0,0,3,0,0,0
Email 199,0,0,2,0,2,0,12,2,4,4,2,0,11,0,0,0
Email 200,2,2,2,0,2,0,23,1,8,8,1,1,19,0,0,0
Email 201,15,37,51,5,31,3,250,6,26,47,37,24,144,16,3,0
Email 202,36,51,13,9,15,21,337,15,90,75,17,2,306,10,3,2
Email 203,4,2,2,3,3,5,47,3,8,10,8,2,54,4,4,3
Email 204,4,8,1,1,2,3,22,3,5,0,2,0,23,1,0,0
Email 205,0,0,1,0,1,0,5,0,1,1,0,0,3,0,0,0
Email 206,9,7,1,5,1,0,58,4,17,8,3,0,47,4,0,1
Email 207,23,12,11,4,7,2,120,6,20,14,8,2,73,4,5,5
Email 208,15,8,4,12,11,14,191,0,51,51,20,3,199,7,1,6
Email 209,3,7,2,2,2,1,32,7,2,5,5,0,31,1,1,0
Email 210,0,3,2,0,1,0,13,0,0,5,0,0,9,1,0,0
Email 211,1,1,1,0,0,0,13,0,3,4,1,1,15,0,0,1
Email 212,7,11,1,1,3,0,93,3,5,18,6,3,50,2,1,0
Email 213,13,15,36,5,9,2,117,1,19,26,17,9,79,6,1,5
Email 214,0,1,1,0,0,0,0,1,0,1,0,0,2,0,0,0
Email 215,17,28,13,4,12,2,170,11,18,35,13,8,96,7,2,4
Email 216,8,9,1,6,4,6,62,8,16,8,4,0,65,2,0,0
Email 217,0,1,2,0,1,0,13,0,0,7,0,0,7,1,0,0
Email 218,1,0,1,0,0,0,0,0,0,0,0,0,0,1,0,0
Email 219,5,1,1,1,2,0,18,1,1,3,3,1,12,0,0,0
Email 220,5,5,1,2,1,1,22,3,6,3,2,0,22,1,1,1
Email 221,46,28,33,10,8,10,253,14,39,43,7,3,138,10,6,3
Email 222,0,3,5,2,2,0,29,4,7,10,4,2,25,2,0,1
Email 223,10,9,19,0,3,7,80,1,11,17,11,6,57,1,3,2
Email 224,0,3,2,0,1,0,11,0,2,7,0,0,11,1,0,0
Email 225,30,26,5,14,4,9,204,1,28,56,19,4,135,10,9,6
Email 226,61,50,39,20,13,15,282,1,78,70,33,12,288,40,8,24
Email 227,3,1,1,0,2,1,19,0,1,6,1,0,9,1,0,0
Email 228,0,2,1,0,0,0,14,0,1,1,1,0,8,1,0,0
Email 229,0,1,2,0,1,0,13,0,0,5,0,0,7,1,0,0
Email 230,16,17,13,5,4,11,123,5,18,29,13,4,85,9,4,1
Email 231,4,0,1,2,3,0,15,0,2,3,2,1,8,2,0,1
Email 232,11,8,61,2,9,1,102,2,16,20,3,0,34,5,1,1
Email 233,0,0,1,0,0,0,3,1,0,1,0,0,1,0,0,0
Email 234,1,1,1,0,2,0,16,1,5,3,1,0,12,0,1,0
Email 235,1,4,14,0,2,0,29,1,7,7,2,0,20,0,1,0
Email 236,11,11,1,7,8,7,115,8,26,22,15,5,117,11,7,6
Email 237,5,0,1,1,4,3,20,0,3,5,3,1,17,2,0,3
Email 238,2,2,2,0,2,0,19,1,2,4,3,0,17,2,1,0
Email 239,13,9,1,13,5,5,87,0,20,36,6,0,50,12,1,1
Email 240,1,0,1,0,2,0,10,1,0,4,1,0,6,0,0,0
Email 241,13,7,2,4,2,5,36,4,8,11,3,2,33,1,0,0
Email 242,9,5,17,5,7,0,62,2,4,6,3,2,31,3,1,2
Email 243,1,4,13,0,1,0,21,0,4,6,1,0,22,0,0,0
Email 244,4,7,13,0,2,4,49,2,7,14,7,1,42,2,2,2
Email 245,20,15,2,13,9,7,141,18,20,36,10,2,104,3,1,7
Email 246,22,17,2,14,9,10,153,18,22,40,12,3,114,3,1,8
Email 247,1,1,2,0,0,1,10,0,3,6,2,0,7,2,0,0
Email 248,99,88,13,69,39,57,843,7,223,125,61,15,754,30,5,4
Email 249,0,1,2,0,1,0,11,0,0,7,0,0,6,0,0,0
Email 250,2,1,1,2,2,2,19,2,9,3,0,0,21,1,1,0
Email 251,22,10,1,3,4,4,85,1,14,12,11,4,55,11,3,6
Email 252,0,0,1,0,0,0,6,0,0,2,0,0,0,0,0,0
Email 253,0,0,1,0,1,0,5,0,1,1,0,0,3,0,0,0
Email 254,9,4,1,0,5,6,25,0,10,6,0,0,33,3,1,2
Email 255,5,4,1,0,1,2,22,0,10,4,4,0,26,2,0,0
Email 256,1,3,1,4,2,0,58,3,9,6,4,0,45,2,1,0
Email 257,4,0,1,0,4,0,16,0,6,2,0,0,9,1,0,0
Email 258,5,9,2,6,2,5,74,3,27,11,10,1,82,3,0,0
Email 259,4,4,1,0,1,1,16,1,1,1,3,1,13,1,0,1
Email 260,1,1,1,0,0,0,66,0,5,2,2,0,64,3,0,0
Email 261,3,0,1,1,0,0,8,0,3,2,1,0,7,2,0,1
Email 262,5,2,18,2,6,1,59,0,14,27,0,0,37,3,1,1
Email 263,2,1,1,0,1,4,18,1,0,1,1,0,11,1,0,1
Email 264,2,16,7,9,2,1,194,2,30,32,18,0,176,4,0,1
Email 265,0,1,2,0,1,0,15,0,0,5,0,0,8,1,0,0
Email 266,0,0,1,0,0,0,2,0,0,0,0,0,1,0,0,0
Email 267,0,1,2,0,1,0,9,0,0,5,0,0,7,1,0,0
Email 268,4,3,1,3,3,1,34,0,8,1,5,1,27,1,0,1
Email 269,5,6,6,1,4,2,30,1,7,9,4,1,30,1,0,0
Email 270,6,6,1,4,11,3,52,17,15,13,1,0,49,5,1,4
Email 271,0,1,2,0,1,0,7,0,0,5,0,0,7,1,0,0
Email 272,0,0,1,0,1,0,4,0,1,1,2,1,5,0,0,0
Email 273,6,1,2,0,0,2,19,1,1,2,1,1,9,1,0,1
Email 274,0,1,2,0,1,0,15,0,0,5,0,0,7,1,0,0
Email 275,9,9,4,2,6,3,50,7,9,6,5,1,40,7,0,1
Email 276,1,4,9,1,1,1,16,0,3,11,4,0,14,0,0,0
Email 277,50,67,16,21,15,29,412,15,138,76,29,3,384,14,3,7
Email 278,0,1,2,0,1,0,9,0,0,7,0,0,6,0,0,0
Email 279,3,7,10,1,1,2,41,0,4,7,6,1,21,3,1,0
Email 280,0,2,9,0,3,0,20,1,1,5,0,0,10,1,0,0
Email 281,6,0,2,2,3,1,21,3,3,4,4,0,19,1,0,2
Email 282,1,5,1,0,1,0,22,2,2,1,0,0,12,0,0,0
Email 283,1,2,2,1,1,0,11,1,1,2,0,0,8,0,0,0
Email 284,8,3,9,2,5,1,41,4,6,15,6,0,33,4,0,2
Email 285,9,5,1,4,4,2,42,0,7,8,1,0,23,4,1,4
Email 286,3,5,2,0,1,0,26,5,2,2,4,2,32,1,1,1
Email 287,1,2,2,0,1,0,9,0,0,8,2,0,9,0,0,0
Email 288,4,2,3,0,4,0,26,0,0,14,3,0,18,1,0,2
Email 289,6,14,5,5,9,7,119,4,18,29,10,0,114,5,0,1
Email 290,4,6,1,1,3,2,46,3,13,13,10,3,67,1,0,0
Email 291,7,3,1,0,4,2,28,1,3,3,0,0,11,2,1,0
Email 292,1,0,1,0,2,0,14,0,5,8,2,0,12,0,0,0
Email 293,3,4,33,0,2,0,40,0,8,13,1,0,28,0,1,0
Email 294,7,7,11,4,5,2,59,10,11,12,2,1,53,8,2,4
Email 295,10,6,18,6,2,1,70,1,11,17,10,4,40,3,2,0
Email 296,1,0,1,0,0,0,7,0,0,0,0,0,0,1,0,0
Email 297,1,1,1,0,0,1,18,1,3,1,3,2,19,2,1,0
Email 298,0,0,1,0,0,0,2,0,0,0,0,0,2,0,0,0
Email 299,5,7,3,0,1,1,43,7,4,5,5,2,52,3,1,1
Email 300,1,1,1,0,0,0,18,2,3,5,1,0,11,3,0,1
Email 301,2,1,1,0,1,1,15,2,2,3,2,0,8,0,0,0
Email 302,3,2,1,1,1,0,22,1,3,4,4,2,15,1,0,0
Email 303,0,0,1,0,0,0,0,0,0,0,0,0,0,0,0,0
Email 304,1,0,1,0,1,0,6,0,0,2,1,0,5,1,0,1
Email 305,1,3,1,2,3,0,11,0,4,2,1,0,8,0,0,0
Email 306,9,2,1,0,5,2,37,0,4,13,3,2,28,1,1,2
Email 307,1,7,1,0,0,3,17,3,4,2,3,2,19,3,0,1
Email 308,0,0,1,0,0,0,1,0,1,0,0,0,2,0,0,0
Email 309,53,43,6,54,18,29,340,0,87,98,23,1,372,4,7,7
Email 310,19,13,6,24,8,17,220,0,59,48,14,2,221,3,0,2
Email 311,18,10,7,15,10,16,132,0,41,26,7,3,152,4,3,5
Email 312,0,1,1,0,0,0,0,1,1,0,0,0,3,0,0,0
Email 313,0,3,2,0,1,0,11,0,4,7,0,0,13,1,0,0
Email 314,0,1,1,0,0,1,5,0,1,0,0,0,5,0,0,0
Email 315,7,4,1,4,3,1,23,2,6,4,1,0,21,2,1,0
Email 316,6,5,2,3,1,1,34,8,5,1,5,2,21,1,4,0
Email 317,13,7,5,2,6,1,54,4,4,8,6,1,29,3,2,1
Email 318,3,4,3,1,3,0,25,0,5,7,4,2,21,2,0,2
Email 319,2,3,2,1,2,0,15,0,3,3,3,2,11,1,0,1
Email 320,9,7,1,0,1,2,46,2,11,12,7,3,44,5,0,0
Email 321,10,12,4,6,8,6,187,5,26,28,23,2,171,5,1,1
Email 322,2,1,2,0,3,0,9,0,0,7,0,0,6,0,0,0
Email 323,5,10,3,8,4,2,189,2,30,26,11,0,147,9,0,1
Email 324,4,6,1,1,3,2,56,3,13,13,12,3,67,1,0,0
Email 325,2,4,3,3,0,1,33,4,10,7,7,0,34,1,0,1
Email 326,0,3,2,0,1,0,11,0,4,7,0,0,13,1,0,0
Email 327,0,0,1,0,1,3,14,0,1,2,1,0,23,0,0,0
Email 328,4,4,2,2,6,6,33,9,6,4,3,0,30,1,1,1
Email 329,2,3,2,1,2,0,28,1,5,5,2,0,13,1,0,0
Email 330,2,2,1,0,4,0,28,1,2,2,1,1,12,1,0,0
Email 331,7,4,1,3,3,2,32,3,4,2,8,3,29,2,0,0
Email 332,0,2,1,4,0,0,20,4,5,1,3,0,17,1,0,0
Email 333,13,6,8,3,6,5,58,6,10,11,16,7,61,3,1,0
Email 334,2,3,1,2,3,4,29,3,2,9,2,0,43,1,0,0
Email 335,3,2,1,0,0,2,16,1,0,2,1,1,5,0,0,0
Email 336,15,7,17,7,8,5,74,7,10,15,21,8,74,4,2,0
Email 337,2,6,2,2,1,0,127,1,22,14,9,0,104,3,0,0
Email 338,14,15,2,4,3,1,56,1,18,10,2,1,47,2,2,3
Email 339,0,1,1,0,0,0,28,0,5,5,0,0,18,0,0,0
Email 340,24,12,2,18,2,2,82,5,17,12,13,2,71,4,2,0
Email 341,3,4,2,2,4,6,22,3,4,1,3,1,19,1,0,0
Email 342,0,3,1,0,0,1,23,0,8,4,1,0,20,0,0,0
Email 343,13,17,3,2,8,11,103,31,26,14,8,3,97,9,1,5
Email 344,20,14,5,4,7,12,89,19,25,13,9,3,76,5,2,0
Email 345,3,3,3,1,2,0,32,3,2,5,2,0,14,3,0,0
Email 346,23,10,32,2,2,2,115,3,17,31,9,4,93,5,6,6
Email 347,0,2,1,0,0,0,69,0,3,5,2,0,58,1,0,0
Email 348,6,2,3,2,2,2,27,2,6,3,3,0,25,1,0,0
Email 349,0,1,2,2,1,0,15,0,0,5,0,0,13,1,0,0
Email 350,39,38,3,10,17,11,125,22,44,27,17,10,138,17,7,1
Email 351,33,24,9,39,21,14,355,0,94,104,44,0,342,6,1,0
Email 352,0,2,1,0,0,0,17,0,0,3,0,0,30,1,0,0
Email 353,3,4,2,2,1,4,28,0,7,4,3,2,30,2,0,3
Email 354,4,5,1,2,1,0,11,2,2,3,1,0,13,1,0,0
Email 355,1,2,7,0,2,1,22,2,3,1,2,0,7,1,0,0
Email 356,1,2,1,0,0,0,5,0,0,2,0,0,0,0,0,0
Email 357,12,14,3,6,2,2,123,7,9,20,13,4,76,2,2,1
Email 358,2,4,1,0,1,0,23,1,7,9,3,0,15,1,0,0
Email 359,1,2,2,3,3,1,29,7,2,2,4,2,25,1,0,0
Email 360,4,1,1,1,2,1,12,0,0,4,1,0,6,2,0,0
Email 361,6,4,7,3,4,9,45,1,8,11,4,1,42,2,0,1
Email 362,0,1,2,0,1,0,7,0,0,6,0,0,6,0,0,0
Email 363,1,5,1,0,2,1,12,0,7,4,2,1,18,0,0,2
Email 364,1,2,1,1,0,1,17,4,4,1,0,0,11,1,0,0
Email 365,7,5,2,11,6,2,80,5,21,14,5,0,60,5,2,1
Email 366,0,1,2,0,1,0,9,0,0,3,0,0,7,1,0,0
Email 367,30,31,6,19,14,27,236,3,62,46,36,7,245,10,7,1
Email 368,11,2,1,0,7,4,47,1,10,16,3,2,36,1,2,2
Email 369,5,6,2,1,1,0,49,0,7,3,1,0,27,2,0,0
Email 370,0,1,2,0,1,0,7,0,0,3,0,0,7,1,0,0
Email 371,4,1,2,1,0,0,21,1,6,6,2,1,15,1,1,0
Email 372,5,9,3,6,8,1,87,0,17,26,7,0,91,4,0,1
Email 373,3,4,1,1,2,1,11,3,1,10,0,0,7,0,0,0
Email 374,2,2,7,0,9,0,56,3,6,6,1,0,28,4,1,0
Email 375,0,1,2,0,0,0,19,1,7,6,1,0,16,0,0,0
Email 376,9,3,1,1,1,0,18,1,4,0,1,0,11,1,3,0
Email 377,0,2,1,1,0,0,8,0,0,0,0,0,12,0,0,0
Email 378,13,9,1,5,3,2,98,1,21,18,4,0,110,4,0,0
Email 379,3,2,7,2,6,0,45,1,7,6,2,1,17,1,0,1
Email 5146,2,0,1,2,7,1,68,1,10,11,2,0,44,0,0,0
Email 5147,0,3,2,0,0,0,7,0,1,1,0,0,3,0,0,0
Email 5148,21,20,2,0,4,4,84,3,15,14,7,2,63,9,2,0
Email 5149,12,6,1,2,5,1,61,1,9,9,2,0,40,1,4,2
Email 5150,10,9,4,7,2,0,107,2,20,15,1,0,63,3,2,2
Email 5151,16,10,3,14,13,7,161,5,26,31,15,2,119,3,0,0
Email 5152,4,4,1,3,2,0,49,1,9,6,0,0,25,1,0,0
Email 5153,2,7,3,0,2,3,37,0,13,18,0,0,43,2,1,1
Email 5154,1,2,4,3,1,0,25,1,2,5,8,0,25,1,0,0
Email 5155,3,5,1,2,1,1,28,2,4,6,4,1,19,1,0,0
Email 5156,7,5,1,0,4,1,36,4,12,2,3,2,32,4,6,3
Email 5157,4,13,1,0,3,1,48,2,8,26,9,1,45,1,0,0
Email 5158,14,10,4,3,6,2,107,1,13,15,4,0,57,3,4,2
Email 5159,2,1,1,0,1,1,16,0,2,4,3,0,13,1,0,0
Email 5160,2,13,1,0,2,1,38,2,7,24,6,1,34,1,0,0
Email 5161,10,5,2,5,2,2,61,6,14,13,15,2,67,3,1,3
Email 5162,59,30,4,16,9,31,195,0,40,56,17,2,167,13,3,2
Email 5163,2,3,1,2,1,2,32,0,7,3,2,0,26,3,0,0
Email 5164,0,0,1,0,0,0,1,0,0,0,0,0,1,0,0,0
Email 5165,21,18,3,1,6,4,106,1,18,11,4,3,70,6,3,1
Email 5166,1,0,1,0,3,1,12,1,2,2,1,0,7,0,0,0
Email 5167,1,0,1,1,0,0,4,0,0,0,1,0,1,0,0,0
Email 5168,2,2,2,3,0,0,32,0,5,6,1,0,20,1,0,0
Email 5169,35,27,11,2,6,5,151,4,23,18,6,3,98,10,6,2
Email 5170,0,0,1,1,0,0,11,0,1,1,3,1,10,0,0,0
Email 5171,2,7,1,0,2,1,28,2,8,11,7,1,39,1,0,0
Email 5172,22,24,5,1,6,5,148,8,23,13,5,4,99,6,4,1
